,,,maintained by:,,Character Building Guide,,,,V12.2.0,,,,,,,,,,NOTE: All data assumes latest uniform,,,,,,,,,,,,,,,,,,
,,huge thanks to:,miriamdandelion,,,,,,,,,,,,,,,,,,,,,,,,,,,,,,,,,,
PK,,Best Uni Character Name,Best Uniform,Highest Tier,Acquisition,Atk Type,Best ISO-8 Set,Obelisk (SL/AC),Proc Rotation,Best CTP Rotation,Proc/Frenzy Skill,Best CTP,2nd Best CTP,Meta CTP (PVE),Off-Meta CTP (PVE),Meta CTP (PVP),Off-Meta CTP (PVP),Needs Artifact?,"Allies, Gender, Side, Instinct, Elite Gear, Abilities",Tier List Rank,Tier List Bling,Story Mode,This Month's SM Stages,Uniform Options,Notes,Best Uni Type,Original Type,Sort,Image Url,Guide,,,,,,,
ABOM,,Abomination,Infected Bioweapon,T3,Crystal Purchase,Physical,dont waste gold,Proc,4dc3c5(c6),,3,INSIGHT,-,-,INSIGHT,-,-,-,"human, male, super villain, , , gamma radiation, durability, zombie",Lead/Support Gods,🤝👑📆,0,-,A: Mystique: Hellfire Gala; R: Angela: Asgard's Assassin; H: Thanos: Thanos Wins; L: Ms. Marvel (Kamala Khan): Marvel Studios' The Marvels; M: Electro: Spider-Man: No Way Home,,combat,combat,0,"https://res.cloudinary.com/mff-master-guides/image/upload/c_scale,w_100/v1/mff/abomination_uni1.png",,,,,,,,
ABSORB,,Absorbing Man,Fear Itself,Awakened,SLS,Physical,offensive,Proc,5qc4 (6c)3dc5qc4,,3,ENERGY,DESTRUCTION,ENERGY,-,-,-,Y (PVP),"human, male, super villain, , , strong",Out of the Meta ,🔨🧩,5,-,A: Hawkeye: Marvel Studios' Hawkeye (Hero Suit); R: Captain Marvel: The Last Avenger; H: Invisible Woman: Classic; L: X-23: All-New Wolverine; M: Scarlet Witch: Marvel Studios' WandaVision,,combat,combat,0,"https://res.cloudinary.com/mff-master-guides/image/upload/c_scale,w_100/v1/mff/absorbingman_uni1.png",,,,,,,,
AGENTVEN,,Agent Venom,Guardians of the Galaxy,T4 (Awakened),Bio Sub,Physical,"offensive, defensive, shield","Proc, Invincible, GBI",,,4 / 5,INSIGHT,-,INSIGHT,-,REGENERATION+,INSIGHT,Support,"human, male, super hero, , , symbiote, leadership, agent",Lead/Support Meta,🤝🧩🔨,6,-,A: Ms. Marvel (Kamala Khan): Marvel Studios' Ms. Marvel; R: Loki: Marvel Studios' Loki; H: Kitty Pryde: Red Queen; L: Beast: All-New X-Men; M: Mister Fantastic: The Fall of the Fantastic Four,,combat,combat,0,"https://res.cloudinary.com/mff-master-guides/image/upload/c_scale,w_100/v1/mff/agentvenom_uni3.png",,,,,,,,
HULKCHO,,Amadeus Cho,Heroic Age,Awakened,-,-,-,-,(6c)3c2c5c4,,-,-,-,-,-,-,-,-,"human, male, super hero, , , gamma radiation, durability",-,-,-,-,A: Cyclops: Marvel Animation's X-Men '97; R: Spider-Man: The Symbiote Suit; H: Nick Fury: Secret Avengers; L: Hulkbuster: Celestial Hulkbuster; M: Doctor Strange: What If... Zombies?!,-,speed,combat,0,"https://res.cloudinary.com/mff-master-guides/image/upload/c_scale,w_100/v1/mff/amadeuscho_uni2.png",SLS = Shadowland Selectors,,,,,,,
AMERICA,,America Chavez,Young Avengers,T4 (Awakened),SS,Physical,"defensive, shield","Proc, Invincible, GBI",1c2c (6c)3c5dc4,,3 / 5,AUTHORITY+,REGENERATION,-,-,AUTHORITY+,REGENERATION,N,"human, female, super hero, , , strong, fast movement, young avengers",Lead/Support Meta,🤝🔨,9,-,A: Gamora: Marvel Studios' Guardians of the Galaxy 3; R: Angela: Asgard's Assassin; H: Storm: Marvel Animation's X-Men '97; L: Agent Venom: Guardians of the Galaxy; M: Ebony Maw: General's Hand,,combat,combat,0,"https://res.cloudinary.com/mff-master-guides/image/upload/c_scale,w_100/v1/mff/americachavez_uni2.png",SS = Dimension Mission Support Shop,,,,,,,
ARES,,Ares,Punisher,T4 (Awakened),EQ / Bio Sub,Physical,dont waste gold,Proc,,(6c)3qc5c4 2c1,6 / 4,INSIGHT,RAGE,-,-,-,INSIGHT,-,"alien, male, super villain, , , weapons master, strong, olympus",High Meta,☢️,13,-,A: Iron Man: Model Nil; R: Ironheart: Marvel Television's Ironheart; H: Mister Fantastic: Marvel Studios' The Fantastic Four: First Steps; L: Falcon: What If... Zombies?!; M: Beast: Marvel Animation's X-Men '97,(or Energy synergizes with awakening skill),combat,combat,0,"https://res.cloudinary.com/mff-master-guides/image/upload/c_scale,w_100/v1/mff/ares01.png",,,,,,,,
ATHENA,,Athena,Incredible Hercules,Awakened,,,,,,(6c)3dc2c5c4,,,,,,,,,"alien, female, super hero, , , agility, healing, olympus",,,,,,,combat,combat,0,,EQ = Epic Quest,,,,,,,
BEAST,,Beast,Marvel Animation's X-Men '97,T4 (Awakened),EQ,Physical,offensive,Proc,(6c)4c3qc5,,4 / 5,DESTRUCTION+,INSIGHT,-,INSIGHT,-,DESTRUCTION+,N,"mutant, male, super hero, , , strong, agility",Lead/Support Gods,🤝👑🔨,7,-,A: Hawkeye: Wastelanders; R: Erik Killmonger (Black Panther): Marvel Studios' Black Panther; H: Cyclops: Phoenix Five; L: Human Torch: Classic; M: Cable: Heart of Darkness,,combat,combat,0,"https://res.cloudinary.com/mff-master-guides/image/upload/c_scale,w_100/v1/mff/beast_uni4.png",HQ = Heroic Quest,,,,,,,
BLKKNIGHT,,Black Knight,Savage Avengers,T3,,,,,1c2c 3c4dc5(c6),,,,,,,,,,"human, male, super hero, , , weapons master",,,,,,,combat,combat,0,,,,,,,,,
BPANTHER,,Black Panther,King Without a Crown,T4 (T3),SS,Physical,offensive,Proc,3dc5qc4 3dc5qc(7c)4c6,,5 / 4,ENERGY,DESTRUCTION+,RAGE+,ENERGY,-,-,-,"human, male, super hero, , , agility, command",Useable,,13,-,A: Sersi: Marvel Studios' Eternals; R: Doctor Octopus: Spider-Man: No Way Home; H: Thena: Marvel Studios' Eternals; L: Mister Sinister: Hellfire Gala; M: Supergiant: Dark Obsidian Armor,,combat,combat,0,"https://res.cloudinary.com/mff-master-guides/image/upload/c_scale,w_100/v1/mff/blackpanther_uni4.png",,,,,,,,
BLADE,,Blade,Vampire Slayer,T3,SS,Physical,offensive,Proc,4c3dc5(c6),,5 / 6,ENERGY,RAGE,-,INSIGHT,-,-,N,"human, male, super hero, , , healing, weapons master",Out of the Meta ,👑,8,-,A: Colossus: Hellfire Gala; R: Captain Marvel: The Last Avenger; H: Iron Fist: The Living Weapon; L: Hela: Asgard Invasion; M: Scarlet Witch: Uncanny Avengers,Good healing,combat,combat,0,"https://res.cloudinary.com/mff-master-guides/image/upload/c_scale,w_100/v1/mff/blade_uni3.png",Artifact:,,,,,,,
BULLSEYE,,Bullseye,Wastelanders,T4 (Awakened),SS,Physical,offensive,Proc,3qc4qc5c6,6c3qc5c4 12,5,RAGE,INSIGHT,-,RAGE,-,-,-,"human, male, super villain, , , weapons master, pure evil",Low Meta,👑🎯,5,-,A: Titania: Fear Itself; R: Gamora: Marvel Studios' Guardians of the Galaxy 3; H: Blade: Vampire Slayer; L: Professor X: Classic; M: Beta Ray Bill: Beta Ray Bill,hard to proc,speed,combat,0,"https://res.cloudinary.com/mff-master-guides/image/upload/c_scale,w_100/v1/mff/bullseye_uni3.png",Y = Must have for character to function,,,,,,,
CAPTAMER,,Captain America,Galactic Talon,T4 (T3),SS,Physical,offensive,Proc,,,4 / 5,RAGE,ENERGY,DESTRUCTION+,RAGE,REGENERATION+,GREED+,Optional,"human, male, super hero, , , leadership, command",Low Meta,👑🔨☢️,18,-,"A: Amadeus Cho: Heroic Age; R: Cyclops: Modern; H: Elektra: Elektra; L: Odin: Avengers 1,000,000 BC; M: Ironheart: Marvel Television's Ironheart","if swapping unis, maybe a Rage?",combat,combat,0,"https://res.cloudinary.com/mff-master-guides/image/upload/c_scale,w_100/v3/mff/captainamerica_uni13.png",X = Nice to have,,,,,,,
CARNAGE,,Carnage,Superior Carnage,T4 (T3),Bio Sub,Physical,offensive,Proc,3c4c5 3c4c5,,5,RAGE,ENERGY,RAGE+,-,GREED+,REFINEMENT+,Y,"human, male, super villain, , , pure evil, healing, symbiote",Low Meta,🔨👑🧩,9,-,A: Human Torch: The Fall of the Fantastic Four; R: Blue Dragon: Moon Temple Defenders; H: Professor X: Quiet Council; L: Wolverine: X Deaths of Wolverine; M: Nick Fury: Marvel Studios' The Marvels,,combat,combat,0,"https://res.cloudinary.com/mff-master-guides/image/upload/c_scale,w_100/v1/mff/carnage_uni3.png",O = Optional / Not needed,,,      ,,,,   
COLOSSUS,,Colossus,Hellfire Gala,Awakened,"EQ, XGene Sub",Physical,"defensive, shield","GBI, Invincible",(6c)3c5c4,,5,INSIGHT,REGENERATION,INSIGHT,-,REFINEMENT+,INSIGHT,Y,"mutant, male, super hero, , , strong, leadership",Lead/Support Meta,🤝🔨,12,-,A: Iron Man: Superior Iron Man; R: Gambit: Excalibur; H: Iron Fist: The Living Weapon; L: Cable: X of Swords; M: Loki: Marvel Studios' Loki (TVA Suit),,combat,combat,0,"https://res.cloudinary.com/mff-master-guides/image/upload/c_scale,w_100/v1/mff/colossus_uni3.png",Support,,,,,,,
CRESCENT,,Crescent,B-Girl Crew,T4 (T3),Bio Sub,Physical,offensive,Proc,,1c5qc3c4 1c2 3c4c5qc7c6,4,RAGE,INSIGHT,RAGE+,ENERGY,REFINEMENT+,-,N,"human, female, super hero, , , leadership, durability, strong",Useful,👑📆🎯,7,-,A: Mantis: Marvel Studios' Guardians of the Galaxy 3; R: Shang-Chi: Marvel Studios' Shang-Chi; H: X-23: Target X; L: Maya Lopez (Echo): Marvel Studios' Echo; M: Sentry: Merged,,combat,combat,0,"https://res.cloudinary.com/mff-master-guides/image/upload/c_scale,w_100/v1/mff/crescent_uni2.png",,,,,,,,
CROSSBON,,Crossbones,Secret Empire,Awakened,SLS,Physical,dont waste gold,Proc,3c2c5; 5,,5,CONQUEST,-,-,-,-,-,-,"human, male, super villain, , , weapons master",Out of the Meta ,,0,-,A: Hulk: Team Suit; R: Beast: Uncanny X-Men; H: Cyclops: Phoenix Five; L: Psylocke: Disassembled; M: Quicksilver: Marvel Legacy,,combat,combat,0,"https://res.cloudinary.com/mff-master-guides/image/upload/c_scale,w_100/v1/mff/crossbones_uni2.png",,,,,,,,
DAKEN,,Daken,Dark Wolverine,T3,EQ,Physical,dont waste gold,Proc,4qc3c5(c6),,5,-,-,-,-,-,-,-,"mutant, male, super villain, , , weapons master, healing",Out of the Meta ,🔨🧩,0,-,A: Rocket Raccoon: Marvel Studios' Guardians of the Galaxy 3; R: Loki: Marvel Studios' Loki; H: Cyclops: Modern; L: Nick Fury: Marvel Studios' The Marvels; M: Silver Surfer: Void Knight,,combat,combat,0,"https://res.cloudinary.com/mff-master-guides/image/upload/c_scale,w_100/v1/mff/daken_uni1.png",,,,,,,,
DEATHLOK,,Deathlok,Modern,FALSE,SS,Physical,dont waste gold,Invincible,,,-,-,-,-,-,-,-,-,"human, male, super hero, , , machine, agent",,,0,-,A: Star-Lord: Space Armor; R: Ultron Mark 1: Avengers: Age of Ultron; H: Spider-Man: Secret Wars: Renew Your Vows; L: Iron Man: Avengers: Age of Ultron; M: Captain America: Avengers: Age of Ultron,,blast,combat,0,"https://res.cloudinary.com/mff-master-guides/image/upload/c_scale,w_100/v1/mff/deathlok_uni1.png",,,,,,,,
DOCOC,,Doctor Octopus,Ends of the Earth,T4 (Awakened),SS,Physical,offensive,Proc,5c3c(6,2c3c5c4dc7 2c3c5c4dc1(c6dc) 2c3c5c4dc121; 2c3c5c4dc1(c6dc)21,4 / 6,ENERGY,RAGE,RAGE,ENERGY,-,-,N,"human, male, super villain, , , machine, durability, sinister six",Useful,,14,-,A: Scarlet Witch: Marvel Studios' Avengers: Infinity War; R: Rogue: Uncanny Avengers; H: Yelena Belova: Marvel Studios' Black Widow; L: Agent Venom: Classic; M: Invisible Woman: Classic,click for details on rot,combat,combat,0,"https://res.cloudinary.com/mff-master-guides/image/upload/c_scale,w_100/v1/mff/doctoroctopus_uni4.png","Click here to filter by Allies, Gender, Sides, or Abilities",,,,,,,
DRAX,,Drax,Annihilation,T4 (Awakened),SS,Physical,"defensive, shield","GBI, Invincible",,,4 / 5,REGENERATION+,-,-,-,REGENERATION+,CONQUEST,Y,"alien, male, super hero, , , healing",Out of the Meta ,👑🔨🧩,14,-,A: Angela: Asgard's Assassin; R: Spider-Man: Back to Basics; H: Spider-Man (Miles Morales): Anniversary Special; L: Polaris: Uncanny X-Men; M: Jean Grey: Dark Phoenix,,combat,combat,0,"https://res.cloudinary.com/mff-master-guides/image/upload/c_scale,w_100/v1/mff/drax_uni2.png",,,,,,,,
KILLMONG,,Erik Killmonger (Black Panther),Marvel Studios' Black Panther,Awakened,-,-,-,-,5,,-,-,-,-,-,-,-,-,"human, male, super villain, , , strong, command",-,-,-,-,A: Hela: Marvel Studios' Thor: Ragnarok; R: Yellowjacket: Marvel NOW!; H: Elektra: Marvel Studios' Daredevil; L: Crossbones: Modern; M: Black Panther: Marvel Studios' Captain America: Civil War,-,combat,combat,0,"https://res.cloudinary.com/mff-master-guides/image/upload/c_scale,w_100/v1/mff/killmonger_uni1.png",,,,,,,,
GIANTMAN,,Giant-Man,Ultron Pym,Awakened,SS,Physical,dont waste gold,Invincible,,,4,-,-,-,-,-,-,N,"human, male, super villain, , , strong",Out of the Meta ,(),5,-,A: Vision: Avengers: Age of Ultron; R: Ultron Prime: Avengers: Age of Ultron; H: Thor: Marvel Studios' Avengers: Infinity War; L: Hela: Marvel Studios' Thor: Ragnarok; M: Kid Kaiju: Monsters Unleashed! (MFF Variant),,universal,combat,0,"https://res.cloudinary.com/mff-master-guides/image/upload/c_scale,w_100/v1/mff/giantman_uni2.png",,,,,,,,
GILGA,,Gilgamesh,Marvel Studios' Eternals,Awakened,EQ,Physical,"defensive, shield","GBI, Invincible",3c4qc(6c)5,,5,REGENERATION+,AUTHORITY+,-,-,REGENERATION+,AUTHORITY+,Y,"alien, male, super hero, , , strong, eternals",Out of the Meta ,🤝🔨,9,-,A: Red Skull: Hydra Armor; R: Silver Surfer: Black; H: Human Torch: Classic; L: Magneto: Marvel NOW!; M: White Fox: Lifestyle Series 1,,combat,combat,0,"https://res.cloudinary.com/mff-master-guides/image/upload/c_scale,w_100/v1/mff/gilgamesh_uni1.png",,,,,,,,
GLADIATO,,Gladiator,Thanos: The Infinity Revelation,T4 (T3),EQ,Physical,offensive,"Mini-rage, Proc, GBI",,5qc3c4dc 2dc1 (6dc),4 / 6,RAGE,-,RAGE,DESTRUCTION+,REGENERATION+,-,Optional,"alien, male, super hero, , , annihilators, strong, leadership",Low Meta,👑🎯,0,-,A: Wasp: Ant-Man and the Wasp: Quantumania; R: Cyclops: Modern; H: Spider-Man (Miles Morales): Spider-Man: Across the Spider-Verse; L: Ghost Rider (Robbie Reyes): Lord of Vengeance; M: Wolverine: X Deaths of Wolverine,,combat,combat,0,"https://res.cloudinary.com/mff-master-guides/image/upload/c_scale,w_101/v1/mff/gladiator_uni1.png",c = cancel by pressing next skill,,,,,,,
GOLIATH,,Goliath,Classic,Awakened,SLS,Physical,dont waste gold,Proc,2c5,,5,-,-,-,-,-,-,-,"human, male, super hero, , , strong, durability",,,0,-,,,combat,combat,0,"https://res.cloudinary.com/mff-master-guides/image/upload/c_scale,w_100/v1/mff/goliath01.png",dc = delayed skill cancel,,,,,,,
GORGON,,Gorgon,War of Kings,Awakened,SS,Physical,dont waste gold,Invincible,,,-,-,-,-,-,-,-,-,"inhuman, male, super hero, , , strong",Out of the Meta ,👑,0,-,,,combat,combat,0,"https://res.cloudinary.com/mff-master-guides/image/upload/c_scale,w_100/v1/mff/gorgon01.png",,,,,,,,
GORILLA,,Gorilla-Man,Modern,Awakened,-,-,-,-,3c4 3c4,,-,-,-,-,-,-,-,-,"human, male, super hero, , , strong, agility, weapons master",-,-,-,-,,-,combat,combat,0,"https://res.cloudinary.com/mff-master-guides/image/upload/c_scale,w_100/v1/mff/gorillaman01.png",H = hold skill for proc duration,,,,,,,
GROOT,,Groot,Planet X Palm,T4 (T3),SS,Physical,dont waste gold,"Proc, Invincible, GBI",,,5,-,-,ENERGY,INSIGHT,INSIGHT,-,Optional,"alien, male, super hero, , , healing, guardians of the galaxy",Lead/Support Gods,🤝,2,-,A: Spider-Gwen: Spider-Man: Across the Spider-Verse; R: War Machine: Invincible Iron Man; H: Wong: Marvel Studios' Doctor Strange 2; L: Arachknight: Arachknight 2099; M: Doctor Doom: God Emperor,,combat,combat,0,"https://res.cloudinary.com/mff-master-guides/image/upload/c_scale,w_100/v1/mff/groot_uni5.png",k / kite = run around for a couple seconds,,,,,,,
HERCULES,,Hercules,Modern,T4 (T3),,,,,,,,,,,,,,,"alien, male, super hero, , , strong, leadership, olympus",,,,,,,combat,combat,0,,,,,,,,,
HOGUN,,Hogun,Modern,Awakened,SS,Physical,dont waste gold,Invincible,,,-,-,-,-,-,-,-,-,"alien, male, super hero, , , strong",,,0,-,,,combat,combat,0,"https://res.cloudinary.com/mff-master-guides/image/upload/c_scale,w_100/v1/mff/hogun01.png",,,,,,,,
HOPESUM,,Hope Summers,Modern,Awakened,EQ,Physical,offensive,"Mini-rage, Proc",(6c)3qc5c4,,5,-,-,RAGE,ENERGY,-,-,-,"mutant, female, super hero, , , phoenix force, strong",,,0,-,,,combat,combat,0,"https://res.cloudinary.com/mff-master-guides/image/upload/c_scale,w_100/v1/mff/hopesummers01.png",,,,,,,,
HULK,,Hulk,Marvel Studios' Spider-Man: Brand New Day,T4 (T3),SLS,HP,"defensive, shield, veteran soldier",Proc,,2c1c3c4c5 1c2 (6dc),4 as intended,REGENERATION+,RAGE,RAGE,ENERGY,REFINEMENT+,REGENERATION+,Optional,"human, male, super hero, , , gamma radiation, durability",Low Meta,👑😈🎯,7,-,A: Punisher: Marvel Television's Daredevil: Born Again; R: Doctor Voodoo: Savage Avengers; H: Professor X: Classic; L: Silver Surfer: Void Knight; M: Yelena Belova: Marvel Studios' Thunderbolts*,,combat,combat,0,"https://res.cloudinary.com/mff-master-guides/image/upload/c_scale,w_100/v1/mff/hulk_uni8.png",,,,,,,,
HULKBUST,,Hulkbuster,Celestial Hulkbuster,T4 (Awakened),-,-,-,-,5qc4c3(c6),,-,-,-,-,-,-,-,-,"creature, male, super hero, , , strong, machine",-,-,-,-,A: M.O.D.O.K.: Ant-Man and the Wasp: Quantumania; R: Arachknight: Arachknight 2099; H: Domino: Krakoa X-Force; L: Carnage: Fallen Soul; M: Cable: Cable & Deadpool,-,combat,combat,0,"https://res.cloudinary.com/mff-master-guides/image/upload/c_scale,w_100/v1/mff/hulkbuster_uni4.png",🤝 = Support and/or Striker God,,,,,,,
HULKLING,,Hulkling,New Avengers,Awakened,SS,Physical,dont waste gold,Invincible,,,-,-,-,-,-,-,-,-,"alien, male, super hero, , , strong, durability",Out of the Meta ,,0,-,,,combat,combat,0,"https://res.cloudinary.com/mff-master-guides/image/upload/c_scale,w_100/v1/mff/hulkling01.png",🥉 = Needs Tier 3 or Transcendence,,,,,,,
IRONFIST,,Iron Fist,The Living Weapon,Awakened,"SS, HQ",Energy,offensive,Proc,3c(6c)5,(6c)4dc3c5,5,RAGE,ENERGY,-,-,-,-,-,"human, male, super hero, , , agility, healing, defenders",Out of the Meta ,👑,13,-,A: Nick Fury: Marvel Studios' Captain Marvel; R: Vision: Uncanny Avengers; H: She-Hulk: Avengers; L: Venom: War of the Realms; M: Apocalypse: Messiah Complex,(guaranteed crit synergizes with rage),combat,combat,0,"https://res.cloudinary.com/mff-master-guides/image/upload/c_scale,w_100/v1/mff/ironfist_uni4.png",💪 = Dispatch Mission God,,,,,,,
JESSICAJ,,Jessica Jones,Jewel,Awakened,"SLS, HQ",Physical,"defensive, shield","GBI, Invincible",5dc(6c)4,,5 / 4,AUTHORITY,REGENERATION,-,-,AUTHORITY+,-,-,"human, female, super hero, , , strong, durability, defenders",,,8,-,A: The Thing: Future Foundation; R: Medusa: Inhumans vs X-Men; H: Quicksilver: Uncanny Avengers; L: Captain America (Sharon Rogers): Star Night Armor; M: Carnage: Absolute Carnage,(could give an insight for suppot),combat,combat,0,"https://res.cloudinary.com/mff-master-guides/image/upload/c_scale,w_100/v1/mff/jessicajones_uni1.png",👑 = Strong Leadership,,,,,,,
JUGGERNA,,Juggernaut,Savage Avengers,T4 (Awakened),XGene Sub,Physical,"offensive, defensive, shield","Proc, Invincible, GBI",,,5,REGENERATION,ENERGY,RAGE,-,REGENERATION+,AUTHORITY+,Y,"mutant, male, super hero, , , strong, durability, pure evil",Useable,🔨🧩,10,-,A: The Thing: The Fall of the Fantastic Four; R: Kingpin: Marvel Television's Daredevil: Born Again; H: Ronan: Annihilators; L: Daken: Dark Wolverine; M: Ebony Maw: General's Hand,,combat,combat,0,"https://res.cloudinary.com/mff-master-guides/image/upload/c_scale,w_100/v1/mff/juggernaut_uni1.png",💀 = Dies Easily,,,,,,,
KINGPIN,,Kingpin,Marvel Television's Daredevil: Born Again,T4 (T3),SS,Physical,offensive,Proc,,,5,RAGE,DESTRUCTION+,RAGE,ENERGY,-,DESTRUCTION+,N,"human, male, super villain, , , strong, command",Useful,👑,12,-,A: Hulk: Titan; R: Captain America (Sharon Rogers): Poseidon Armor; H: Anti-Man: Ultimates; L: Daken: Dark Wolverine; M: Apocalypse: Heralds of Apocalypse,,combat,combat,0,"https://res.cloudinary.com/mff-master-guides/image/upload/c_scale,w_100/v1/mff/kingpin_uni3.png",🎮 = Hard to Play,,,,,,,
LIZARD,,Lizard,Classic,Awakened,SS,Physical,dont waste gold,Invincible,,,5,-,-,-,-,-,-,N,"human, male, super villain, , , healing, sinister six",,,6,-,,,combat,combat,0,"https://res.cloudinary.com/mff-master-guides/image/upload/c_scale,w_100/v1/mff/lizard01.png",⬇️ = relies on debuffs,,,,,,,
LUKECAGE,,Luke Cage,Uptown Suit,Awakened,"SS, HQ",Physical,"defensive, shield","GBI, Invincible",3c(6c) 4dc5,,5,REGENERATION,-,-,-,REGENERATION+,REFINEMENT+,-,"human, male, super hero, , , strong, durability, defenders",,,2,-,A: Punisher: Cosmic Ghost Rider; R: Cull Obsidian: Marvel Studios' Avengers: Infinity War; H: Hulk: Immortal Hulk; L: Luna Snow: Lifestyle Series 1; M: Spider-Gwen: Gwenom,(Authority CTP could work),combat,combat,0,"https://res.cloudinary.com/mff-master-guides/image/upload/c_scale,w_100/v1/mff/lukecage_uni3.png",,,,,,,,
MBAKU,,M'Baku,Black Panther: Wakanda Forever,Awakened,Legendary Battle; Bio Sub,Physical,dont waste gold,Proc,3c5dc4,,4,-,-,INSIGHT,-,-,-,Support,"human, male, super hero, , , leadership, strong",Lead/Support Meta,🤝👑,0,-,,,combat,combat,0,"https://res.cloudinary.com/mff-master-guides/image/upload/c_scale,w_100/v1/mff/mbaku01.png",,,,,,,,
MANTHING,,Man-Thing,Modern,Awakened,-,-,-,-,(6c)5c4c3,,-,-,-,-,-,-,-,-,"human, male, super hero, , , strong, healing, magic",-,-,-,-,,-,combat,combat,0,"https://res.cloudinary.com/mff-master-guides/image/upload/c_scale,w_100/v1/mff/manthing01.png",CTP INFO,,,,,,,
MINNERVA,,Minn-Erva,Marvel Studios' Captain Marvel,Awakened,SLS,Physical,dont waste gold,Proc,5dc3c4,,4,ENERGY,RAGE,-,-,-,-,-,"alien, female, super villain, , , strong, agility, pure evil",Out of the Meta ,,0,-,A: X-23: X-Force; R: Black Widow: Marvel Studios' Avengers: Infinity War; H: Punisher: Marvel Studios' Daredevil; L: Moon Girl: Monsters Unleashed! (MFF Variant); M: Thor: Marvel Studios' Thor: Ragnarok,,combat,combat,0,"https://res.cloudinary.com/mff-master-guides/image/upload/c_scale,w_100/v1/mff/minnerva_uni1.png",CTP+ = Reforged required,,,,,,,
FANTASTIC,,Mister Fantastic,Marvel Studios' The Fantastic Four: First Steps,T4 (T3),EQ,Physical,offensive,Proc,,,5,ENERGY,RAGE,-,-,-,-,-,"human, male, super hero, , , durability, leadership, fantastic four",Low Meta,👑🔨,12,-,A: Gwenpool: Dark Gwenpool; R: Iron Man: Model Nil; H: Domino: Krakoa X-Force; L: Nick Fury: Secret Avengers; M: Wolverine: X Deaths of Wolverine,Loses hero buffs with Maker uni; Rage rotation - Maker,combat,combat,0,"https://res.cloudinary.com/mff-master-guides/image/upload/c_scale,w_100/v1/mff/misterfantastic_uni3.png",Elemental characters: Judgement,,,,,,,
MOLTEN,,Molten Man,Spider-Man: Far From Home,Awakened,SLS,Physical,offensive,"Fire, Proc",5,5,4 / 5,-,-,-,-,-,-,-,"human, male, super villain, , , pure evil, durability, flame",Out of the Meta ,,0,-,,,combat,combat,0,"https://res.cloudinary.com/mff-master-guides/image/upload/c_scale,w_100/v1/mff/moltenman01.png",ABX: Rage,,,,,,,
MOONKNI,,Moon Knight,Blood Moon Knight,T4 (Awakened),SLS,Physical,offensive,Proc,,,5,ENERGY,RAGE,ENERGY,RAGE,-,-,Y,"human, male, super hero, , , weapons master, leadership",Low Meta,🧩🎯,9,-,A: Red Guardian: Marvel Studios' Thunderbolts*; R: Cyclops: Marvel Animation's X-Men '97; H: Daredevil: Marvel Television's Daredevil: Born Again; L: Mister Fantastic: Marvel Studios' The Fantastic Four: First Steps; M: Victorious: Emperor Guarder,,speed,combat,0,"https://res.cloudinary.com/mff-master-guides/image/upload/c_scale,w_100/v1/mff/moonknight_uni3.png",Judgement+ can replace Rage,,,,,,,
MORBIUS,,Morbius,Modern,Awakened,Bio Sub,Physical,dont waste gold,Proc,5 2c4,,5,RAGE,REGENERATION,-,-,-,-,-,"human, male, super villain, , , strong, agility",Out of the Meta ,,15,-,,,combat,combat,0,"https://res.cloudinary.com/mff-master-guides/image/upload/c_scale,w_100/v1/mff/morbius01.png",,,,,,,,
MORPH,,Morph,Marvel Animation's X-Men '97,T3,,,,,(1c2c) 3dc4c5(c6),,,,,,,,,,"mutant, neutral, super hero, , , weapons master, agility",,,,,,,combat,combat,0,,ISO Sets,,,,,,,
KAMALA,,Ms. Marvel (Kamala Khan),Marvel Animation's Marvel Zombies,T4 (T3),SLS,Physical,offensive,Proc,1c2c 3(d)c4c5 3(d)c4c5c6,3dc4c5c 12,5 / 6,ENERGY,DESTRUCTION+,ENERGY,RAGE,-,DESTRUCTION+,Optional,"inhuman, female, super hero, , , strong, leadership",Useful,🎯,7,-,A: Spider-Man 2099: Spider-Man: Across the Spider-Verse; R: Chasm: Dark Web; H: Green Goblin: Red Goblin; L: Sentry: Marvel Studios' Thunderbolts*; M: Anti-Man: Ultimates,,speed,combat,0,"https://res.cloudinary.com/mff-master-guides/image/upload/c_scale,w_100/v1/mff/kamalakhan_uni4.png","offensive: POAH, OD, HE",,,,,,,
NAMOR,,Namor,Black Panther: Wakanda Forever,T4 (T3),XGene Sub,Physical,offensive,"Cold, Proc",,5dc(7c)4c2c3(c6) 1,4c5 / 3,RAGE,JUDGEMENT+,RAGE,JUDGEMENT,-,-,Optional,"mutant, male, super villain, , , strong, durability",Useable,,25,-,A: Mordo: Marvel Studios' Doctor Strange 2; R: Spider-Man (Miles Morales): Absolute Carnage; H: Hyperion: Enter the Phoenix; L: Cable: X of Swords; M: Kingo: Marvel Studios' Eternals,,combat,combat,0,"https://res.cloudinary.com/mff-master-guides/image/upload/c_scale,w_100/v1/mff/namor_uni2.png","shield: DDE, BP",,,,,,,
OMEGARED,,Omega Red,Modern,T3,XGene Sub,Physical,offensive,Proc,5c4c3 5c4c3c6,,4 / 5,-,-,-,-,-,-,N,"mutant, male, super villain, , , healing, pure evil, strong",Out of the Meta ,,2,-,,,combat,combat,0,"https://res.cloudinary.com/mff-master-guides/image/upload/c_scale,w_100/v1/mff/omegared01.png","defensive: PC, TS, SS",,,,,,,
PUNISHER,,Punisher,Marvel Television's Daredevil: Born Again,T4 (T3),SS,Physical,offensive,Proc,5qc1c2c4 5qc6dc,,4,RAGE,-,RAGE,ENERGY,REGENERATION+,-,N,"human, male, super hero, , , leadership, weapons master",Useful,🔨,7,-,A: Captain Marvel: Marvel Studios' The Marvels; R: Green Goblin: Spider-Man: No Way Home; H: Sabretooth: Ultimate; L: Rescue: Invincible Iron Man; M: Thanos: Thanos Wins,,combat,combat,0,"https://res.cloudinary.com/mff-master-guides/image/upload/c_scale,w_100/v1/mff/punisher_uni7.png",,,,,,,,
REDGUARD,,Red Guardian,Marvel Studios' Thunderbolts*,T4 (Awakened),SLS,Physical,offensive,Proc,(6c)3c4c5,,5,RAGE,ENERGY,-,-,-,-,-,"human, male, super hero, , , strong, agility, thunderbolts",Out of the Meta ,,8,-,A: Falcon: What If... Zombies?!; R: Agent Venom: Guardians of the Galaxy; H: Jean Grey: Dark Phoenix; L: Super Nova Nebula: Marvel Studios' What If...?; M: Knull: Ancient History,,combat,combat,0,"https://res.cloudinary.com/mff-master-guides/image/upload/c_scale,w_100/v1/mff/redguardian_uni1.png",POAH = Power of Angry Hulk,,,,,,,
REDHULK,,Red Hulk,Marvel Studios' Captain America: Brave New World,Awakened,SLS,Physical,offensive,"Fire, Invincible",(6c)1c3c5,(6c)5dc3c1c444444,-,-,-,RAGE,-,-,-,N,"human, male, super villain, , , flame, gamma radiation, durability",Lead/Support Gods,👑🤝🎯,0,-,A: Rocket Raccoon: Marvel Studios' Guardians of the Galaxy 3; R: Green Goblin: Red Goblin; H: Domino: Krakoa X-Force; L: Scarlet Witch: Marvel Studios' Doctor Strange 2; M: Aero: Classic,,combat,combat,0,"https://res.cloudinary.com/mff-master-guides/image/upload/c_scale,w_100/v1/mff/redhulk_uni3.png",OD = Overdrive,,,,,,,
REDSHEHU,,Red She-Hulk,Modern,Awakened,Bio Sub,Physical,dont waste gold,"Fire, Proc",5,3dc125dc4,3 / 5,-,-,-,-,-,-,-,"human, female, super hero, , , gamma radiation, durability, flame",Out of the Meta ,🤝👑,0,-,,,combat,combat,0,"https://res.cloudinary.com/mff-master-guides/image/upload/c_scale,w_100/v1/mff/redshehulk01.png",HE = Hawk's Eye,,,,,,,
RHINO,,Rhino,Uncanny Spider-Man,T4 (Awakened),SS,Physical,dont waste gold,Invincible,,,-,-,-,-,-,-,-,N,"human, male, super villain, , , strong, durability, sinister six",Lead/Support Meta,🤝🔨☢️,3,-,A: Human Torch: Marvel Studios' The Fantastic Four: First Steps; R: Destroyer: The Mighty Thor; H: Kid Omega: Uncanny X-Men; L: Scarlet Witch: Marvel Animation's Marvel Zombies; M: Phyla-Vell: Marvel Cosmic Invasion,,combat,combat,0,"https://res.cloudinary.com/mff-master-guides/image/upload/c_scale,w_100/v1/mff/rhino01.png",BP = Binary Power,,,,,,,
SABRETOO,,Sabretooth,Ultimate,T3,Crystal Purchase,Physical,"offensive defensive, shield",Invincible,3c5dc4(c6),,5 / 6,-,-,ENERGY,DESTRUCTION+,GREED+,AUTHORITY+,Y,"mutant, male, super villain, , , pure evil, agility",Out of the Meta ,,0,-,A: Luna Snow: Light Sirius Armor; R: Deadpool: X-Force; H: Hulk: Fear Itself; L: Makkari: Marvel Studios' Eternals; M: Professor X: Classic,,combat,combat,0,"https://res.cloudinary.com/mff-master-guides/image/upload/c_scale,w_100/v1/mff/sabretooth_uni2.png",,,,,,,,
SANDMAN,,Sandman,Beach Fortress,T4 (Awakened),SS,Physical,dont waste gold,Proc,(1c2c) (6c)3dc5c4,,2,-,-,-,-,-,-,N,"human, male, super villain, , , durability, sinister six",Useful,🤝☢️📆,12,-,A: Captain America (Sam Wilson): Marvel Studios' Captain America: Brave New World; R: Ghost Rider: Savage Avengers; H: Rescue: Invincible Iron Man; L: The Thing: The Fall of the Fantastic Four; M: Nicepool: Marvel Studios' Deadpool & Wolverine,but why?,combat,combat,0,"https://res.cloudinary.com/mff-master-guides/image/upload/c_scale,w_100/v1/mff/sandman01.png",DDE = Drastic Density Enhancement,,,,,,,
SCREAM,,Scream,Silence,Awakened,SLS,Physical,offensive,Proc,(6c)5c3c4,,4,ENERGY,RAGE,ENERGY,RAGE,-,-,N,"human, female, super hero, , , strong, leadership, symbiote",Out of the Meta ,,9,-,A: Captain America (Sam Wilson): Marvel Studios' The Falcon and the Winter Soldier; R: Aero: Classic; H: Thena: Marvel Studios' Eternals; L: Proxima Midnight: Dark Obsidian Armor; M: Colossus: X-Force,heal depends on getting hit,combat,combat,0,"https://res.cloudinary.com/mff-master-guides/image/upload/c_scale,w_100/v1/mff/scream_uni1.png",PC = Protect the Captain,,,,,,,
SHANGCHI,,Shang-Chi,Marvel Animation's Marvel Zombies,T4 (T3),SLS,Physical,"offensive, defensive, shield",Invincible,,,5 / 4,RAGE,AUTHORITY,-,RAGE,AUTHORITY+,-,N,"human, male, super hero, , , agility, leadership",Useful,🔨,10,-,A: Daredevil: Marvel Television's Daredevil: Born Again; R: Yelena Belova: Marvel Studios' Thunderbolts*; H: Adam Warlock: Infinity Countdown; L: Absorbing Man: Fear Itself; M: White Tiger: Marvel Television's Daredevil: Born Again,,combat,combat,0,"https://res.cloudinary.com/mff-master-guides/image/upload/c_scale,w_100/v1/mff/shangchi_uni1.png",TS = Tenacious Symbiote,,,,,,,
SHEHULK,,She-Hulk,Marvel Studios' She-Hulk: Attorney at Law,T3,EQ,Physical,offensive,"Mini-Rage, Proc",5c3dc4 4c5c3dc6,,5 / 6,INSIGHT,ENERGY,RAGE,INSIGHT,-,-,Support,"human, female, super hero, , , gamma radiation, durability",Useable,👑,10,-,A: Sersi: Marvel Studios' Eternals; R: Corvus Glaive: Dark Obsidian Armor; H: Nightcrawler: Classic; L: Black Panther: 3099; M: Electro: Spider-Man: No Way Home,,combat,combat,0,"https://res.cloudinary.com/mff-master-guides/image/upload/c_scale,w_100/v1/mff/shehulk_uni4.png",SS = Spider Sense,,,,,,,
SIF,,Sif,Asgard Invasion,Awakened,SS,Physical,offensive,Invincible,3c5 (6dc)3c5,,6 / 5,RAGE,INSIGHT,INSIGHT,-,-,-,N,"alien, female, super hero, , , agility",Lead/Support Gods,🤝👑,13,-,A: Daredevil: Fall From Grace; R: Namor: Phoenix Five; H: Vision: Marvel Studios' WandaVision; L: Doctor Strange: Space Suit; M: Ghost Rider: King of Hell,CTP not recommended,combat,combat,0,"https://res.cloudinary.com/mff-master-guides/image/upload/c_scale,w_100/v1/mff/sif_uni2.png",,,,,,,,
SAMURAI,,Silver Samurai,Modern,T4 (T3),,,,,,,,,,,,,,,"mutant, male, super villain, , , weapons master, pure evil",,,,,,,combat,combat,0,,,,,,,,,
SKURGE,,Skurge,Marvel Studios' Thor: Ragnarok,Awakened,SLS,Physical,dont waste gold,Proc,5,,5,-,-,-,-,-,-,N,"alien, male, super villain, , , strong, durability",Out of the Meta ,,15,-,,,combat,combat,0,"https://res.cloudinary.com/mff-master-guides/image/upload/c_scale,w_100/v1/mff/skurge01.png",,,,,,,,
SLEEPER,,Sleeper,Modern,T3,Bio Sub,Physical,offensive,Proc,2qc3qc4c5(c6),,,ENERGY,-,-,-,-,-,N,"alien, neutral, super hero, , , symbiote, healing, leadership",Lead/Support Gods,🔨👑🤝🧩,-,-,,,combat,combat,0,"https://res.cloudinary.com/mff-master-guides/image/upload/c_scale,w_100/v1/mff/sleeper01.png",,,, ,,,,
NEBULA,,Super Nova Nebula,Marvel Studios' What If...?,Awakened,-,-,-,-,(6c)5c3c4,,-,-,-,-,-,-,-,-,"alien, female, super hero, , , weapons master, machine",-,-,-,-,A: Groot: Marvel Studios' Guardians of the Galaxy 3; R: Corvus Glaive: Dark Obsidian Armor; H: Satana: Marvel Legacy; L: Emma Frost: Hellfire Gala; M: Star-Lord: Marvel Studios' Guardians of the Galaxy 3,-,combat,combat,0,"https://res.cloudinary.com/mff-master-guides/image/upload/c_scale,w_100/v1/mff/nebula_uni4.png",,,,,,,,
SWORDMAS,,Sword Master,Classic,Awakened,SLS,Physical,offensive,Proc,3c5dc(6,,5,ENERGY,-,-,-,-,-,N,"human, male, super hero, , , leadership, weapons master",Out of the Meta ,👑,9,-,A: Taskmaster: Marvel Studios' Black Widow; R: Cable: X of Swords; H: The Thing: Classic; L: Gambit: Excalibur; M: Ms. Marvel (Kamala Khan): Inhumans: Attilan Rising,,combat,combat,0,"https://res.cloudinary.com/mff-master-guides/image/upload/c_scale,w_100/v1/mff/swordmaster_uni1.png",,,,,,,,
TASKMAST,,Taskmaster,Marvel Studios' Thunderbolts*,T4 (T3),SLS,Physical,offensive,Proc,,,5 / 4,INSIGHT,-,INSIGHT,-,INSIGHT,-,-,"human, female, super hero, , , weapons master, pure evil, thunderbolts",Lead/Support Meta,🤝,7,-,A: Enchantress: War of the Realms; R: War Tiger: Moon Temple Defenders; H: Captain Monica Rambeau: Marvel Studios' The Marvels; L: Scarlet Witch: Scarlet Witch; M: Wasp: Ant-Man and the Wasp: Quantumania,,combat,combat,0,"https://res.cloudinary.com/mff-master-guides/image/upload/c_scale,w_100/v1/mff/taskmaster_uni1.png",,,,,,,,
THING,,The Thing,Marvel Studios' The Fantastic Four: First Steps,T4 (Awakened),-,-,-,-,,,-,-,-,-,-,-,-,-,"human, male, super hero, , , strong, durability, fantastic four",-,-,-,-,A: Gamora: Wastelanders; R: Red Hulk: Marvel Studios' Captain America: Brave New World; H: Kraven The Hunter: Interdimensional Hunter; L: Kitty Pryde: Red Queen; M: Gladiator: Thanos: The Infinity Revelation,-,combat,combat,0,"https://res.cloudinary.com/mff-master-guides/image/upload/c_scale,w_100/v1/mff/thing_uni3.png",,,,,,,,
TITANIA,,Titania,Fear Itself,Awakened,SLS,Physical,offensive,"Mini-Rage, Proc, GBI",3c(6c)4dc5,,5,ENERGY,DESTRUCTION,RAGE,ENERGY,AUTHORITY+,-,N,"human, female, super villain, , , strong",Out of the Meta ,👑🤝,11,-,A: Green Goblin: Dark Avengers; R: Supergiant: Dark Obsidian Armor; H: Hela: Asgard Invasion; L: Heimdall: Asgard Invasion; M: Professor X: Classic,,combat,combat,0,"https://res.cloudinary.com/mff-master-guides/image/upload/c_scale,w_100/v1/mff/titania_uni1.png",,,,,,,,
TOXIN,,Toxin,Modern,Awakened,Bio Sub,Physical,offensive,Proc,(6c)3dc4qc5,,3 / 4,-,-,-,ENERGY,AUTHORITY+,-,N,"human, male, super hero, , , agility, symbiote, strong",Out of the Meta ,👑,4,-,,,combat,combat,0,"https://res.cloudinary.com/mff-master-guides/image/upload/c_scale,w_100/v1/mff/toxin01.png",,,,,,,,
USAGENT,,U.S. Agent,Marvel Studios' Thunderbolts*,T3,,,,,1c2c 3c4c5(c6),,,,,,,,,,"human, male, super hero, , , leadership, command, thunderbolts",,,,,,,combat,combat,0,,,,,,,,,
ULIK,,Ulik,Modern,Awakened,SS,Physical,dont waste gold,Invincible,,,-,-,-,-,-,-,-,N,"alien, male, super villain, , , strong, durability",Out of the Meta ,,1,-,,,combat,combat,0,"https://res.cloudinary.com/mff-master-guides/image/upload/c_scale,w_100/v1/mff/ulik01.png",,,,,,,,
VALKYRIE,,Valkyrie,Asgardians of the Galaxy,T4 (Awakened),Bio Sub,Physical,offensive,Proc,(1c2c) (6c)3dc5c4 5c4,(1c2c) (6c)3dc5c4,4,RAGE,INSIGHT,INSIGHT,RAGE,INSIGHT,-,Support,"alien, female, super hero, , , strong",Low Meta,🤝☢️🔨,15,-,A: Loki: Young Avengers; R: Black Widow: Venomous; H: War Machine: Invincible Iron Man; L: Kitty Pryde: Red Queen; M: Adam Warlock: Marvel Studios' Guardians of the Galaxy 3,,combat,combat,0,"https://res.cloudinary.com/mff-master-guides/image/upload/c_scale,w_100/v1/mff/valkyrie_uni2.png",,,,,,,,
VENOM,,Venom,Snow Symbiote,T4 (T3),SS,Physical,offensive,"Proc, Mini-Rage",,(6dc)3c5dc4 1c2,6 / 5,RAGE,ENERGY,RAGE,ENERGY,-,-,Optional,"human, male, super hero, , , healing, symbiote",Low Meta,☢️,10,-,A: Spider-Man: The Symbiote Suit; R: Ms. Marvel (Kamala Khan): Marvel Animation's Marvel Zombies; H: Mystique: Hellfire Gala; L: Nick Fury: Secret Avengers; M: Doctor Strange: What If... Zombies?!,,combat,combat,0,"https://res.cloudinary.com/mff-master-guides/image/upload/c_scale,w_100/v1/mff/venom_uni5.png",,,,,,,,
VOLSTAGG,,Volstagg,Modern,Awakened,SS,Physical,dont waste gold,Invincible,,,-,-,-,-,-,-,-,-,"alien, male, super hero, , , durability",,,0,-,,,combat,combat,0,"https://res.cloudinary.com/mff-master-guides/image/upload/c_scale,w_100/v1/mff/volstagg01.png",,,,,,,,
WARTIGER,,War Tiger,Moon Temple Defenders,Awakened,SLS,Physical,dont waste gold,Proc,5qc4qc(6c)3,,5,DESTRUCTION,-,RAGE,-,AUTHORITY+,DESTRUCTION+,Optional,"human, male, super hero, , , warriors of the sky, strong, durability",Out of the Meta ,,8,-,A: Loki: Agent of Asgard; R: Electro: Spider-Man: No Way Home; H: Titania: Fear Itself; L: Black Dwarf: Dark Obsidian Armor; M: Beast: Uncanny X-Men,,combat,combat,0,"https://res.cloudinary.com/mff-master-guides/image/upload/c_scale,w_100/v1/mff/wartiger_uni1.png",,,,,,,,
WARPATH,,Warpath,X-Force,Awakened,SS,Physical,dont waste gold,Proc,2dc5,,5,-,-,-,-,-,-,-,"mutant, male, super hero, , , strong, leadership",,,1,-,,,combat,combat,0,"https://res.cloudinary.com/mff-master-guides/image/upload/c_scale,w_100/v1/mff/warpath01.png",,,,,,,,
WARWOLF,,Warwolf,The Howling Commandos of S.H.I.E.L.D.,Awakened,SLS,Physical,dont waste gold,Invincible,,,-,-,-,-,-,-,-,-,"human, male, super hero, , , healing, agent",,,0,-,,,combat,combat,0,"https://res.cloudinary.com/mff-master-guides/image/upload/c_scale,w_100/v1/mff/warwolf01.png",,,,,,,,
WHITETIGE,,White Tiger,Marvel Television's Daredevil: Born Again,Awakened,SS,Physical,dont waste gold,Proc,(6c)3c4c5,,-,-,-,-,-,-,-,-,"human, male, super hero, , , agility",Out of the Meta ,,0,-,A: Thor: All-Father Reborn; R: Ghost Rider (Robbie Reyes): Lord of Vengeance; H: Wong: What If... Zombies?!; L: Namor: Phoenix Five; M: Ebony Maw: General's Hand,,combat,combat,0,"https://res.cloudinary.com/mff-master-guides/image/upload/c_scale,w_100/v1/mff/whitetiger01.png",,,,,,,,
WOLVERIN,,Wolverine,Marvel Studios' Deadpool & Wolverine,T4 (T3),EQ,Physical,-,-,(7) 3c4c5(qc6),,-,RAGE,AUTHORITY+,-,-,GREED+,CONQUEST+,Y,"mutant, male, super hero, , , weapons master, healing",Beyond Meta,🔨🧩,14,-,A: Venom: King in Black; R: Green Goblin: Spider-Man: No Way Home; H: Spider-Man: Spider-Man: No Way Home (Integrated Suit); L: Iron Man: Marvel Studios' Avengers: Endgame; M: Cable: Cable & Deadpool,,combat,combat,0,"https://res.cloudinary.com/mff-master-guides/image/upload/c_scale,w_100/v1/mff/wolverine_uni7.png",,,,,,,,
APOC,,Young Apocalypse,Marvel Animation's X-Men '97,T4 (T3),-,-,-,-,(1c) 2qc3dc5c4(c6),,-,-,-,-,-,-,-,-,"mutant, male, super villain, , , fast movement, pure evil, durability",-,-,-,-,A: Ant-Man: Ant-Man and the Wasp: Quantumania; R: Mantis: Marvel Studios' Guardians of the Galaxy 3; H: Sun Bird: Moon Temple Defenders; L: Professor X: Quiet Council; M: Scarlet Witch: Scarlet Witch,-,combat,combat,0,,,,,,,,,
ADAMWARL,,Adam Warlock,Marvel Studios' Guardians of the Galaxy 3,T4 (T3),Crystal Purchase,Energy,"offensive, defensive, shield",Proc,(6c)5dc3c4 1c2,,3,ENERGY+,-,ENERGY,GREED+,GREED+,ENERGY+,Y,"creature, male, super hero, , , magic, time freezing immunity",High Meta,🔨🧩,12,-,A: Thena: Marvel Studios' Eternals; R: Quasar (Avril Kincaid): Classic; H: Sif: Asgard Invasion; L: Ms. Marvel (Kamala Khan): Marvel Studios' Ms. Marvel; M: Captain America (Sam Wilson): Marvel Studios' The Falcon and the Winter Soldier,,blast,blast,1,"https://res.cloudinary.com/mff-master-guides/image/upload/c_scale,w_100/v1/mff/adamwarlock_uni2.png",,,,,,,,
ANCIENTONE,,Ancient One,The Monk of Kamar-Taj,T4 (T3),EQ,Energy,dont waste gold,"GBI, Invincible",4dc2c5c3 3c4dc2c5c6,,5 / 6,INSIGHT,RAGE,-,INSIGHT,AUTHORITY+,REFINEMENT+,Optional,"human, male, super hero, , , magic, leadership",Lead/Support Meta,🤝👑📆,8,-,A: Ronan: Annihilators; R: Doctor Octopus: Spider-Man: No Way Home; H: Loki: Marvel Studios' Loki (TVA Suit); L: Colossus: Phoenix Five; M: Stryfe: Classic,difficult to proc,blast,blast,1,"https://res.cloudinary.com/mff-master-guides/image/upload/c_scale,w_100/v1/mff/ancientone_uni2.png",,,,,,,,
ANNIHILUS,,Annihilus,Annihilation,T4 (T3),,,,,,,,,,,,,,,"alien, male, super villain, , , poison, pure evil",,,,,,,blast,blast,1,,,,,,,,,
BISHOP,,Bishop,Marvel Animation's X-Men '97,T4 (Awakened),SS,Energy,dont waste gold,Proc,(6c)3c5c4,,3,-,-,-,-,-,-,N,"mutant, male, super hero, , , energy projection",Useable,👑,4,-,A: Nightcrawler: Classic; R: Spider-Man (Miles Morales): Spider-Man: Across the Spider-Verse; H: Doctor Voodoo: Strange Academy; L: Baron Zemo: Marvel Studios' The Falcon and the Winter Soldier; M: Mister Fantastic: Future Foundation,,blast,blast,1,"https://res.cloudinary.com/mff-master-guides/image/upload/c_scale,w_100/v1/mff/bishop01.png",,,,,,,,
BLUEDRAG,,Blue Dragon,Moon Temple Defenders,T4 (Awakened),Crystal Purchase,Energy,offensive,"Lightning, Proc",3c5qc4(c6),5qc3dc4 (2); 1c2c3c5qc4dc17 (6dc),4,DESTRUCTION,AUTHORITY,DESTRUCTION+,JUDGEMENT,DESTRUCTION+,AUTHORITY+,Optional,"human, female, super hero, , , warriors of the sky, leadership, shock",Useful,👑,15,-,A: Captain America: Enter the Phoenix; R: Iron Man: Superior Iron Man; H: Thanos: Obsidian King; L: Quasar (Avril Kincaid): Classic; M: Rogue: Excalibur,,blast,blast,1,"https://res.cloudinary.com/mff-master-guides/image/upload/c_scale,w_100/v1/mff/bluedragon_uni1.png",,,,,,,,
CABLE,,Cable,Heart of Darkness,T4 (T3),World Boss,Energy,offensive,Proc,5c3c4(c7c6),,5 / 6,RAGE+,ENERGY+,RAGE+,ENERGY+,-,DESTRUCTION+,-,"mutant, male, super hero, , , weapons master, leadership, machine",Useable,👑🧩,7,-,A: Shang-Chi: Marvel Studios' Shang-Chi; R: Spider-Man: Spider-Man: No Way Home (Black & Gold Suit); H: Magneto: House of X; L: Crescent: Light Sirius Armor; M: Thanos: Obsidian King,* Energy CTP for Summer Days uni; good ignore dodge lead,blast,blast,1,"https://res.cloudinary.com/mff-master-guides/image/upload/c_scale,w_100/v1/mff/cable_uni5.png",,,,,,,,
SHARONRO,,Captain America (Sharon Rogers),Arctic Warrior,T4 (T3),Shield Academy,Energy,offensive,Proc,3c5c4 3c4c5c6,,4 / 6,ENERGY,RAGE,ENERGY,DESTRUCTION+,-,-,N,"human, female, super hero, , , leadership, energy projection",Useful,😈📆,9,-,A: Kraven The Hunter: Interdimensional Hunter; R: Groot: Marvel Studios' Guardians of the Galaxy 3; H: Nightcrawler: Classic; L: Riri Williams: Black Panther: Wakanda Forever; M: Deadpool: Marvel Studios' Deadpool & Wolverine,,blast,blast,1,"https://res.cloudinary.com/mff-master-guides/image/upload/c_scale,w_100/v1/mff/sharonrogers_uni6.png",,,,,,,,
SPECTRUM,,Captain Monica Rambeau,Marvel Studios' The Marvels,Awakened,-,-,-,-,(6c)5c4c3,,-,-,-,-,-,-,-,-,"human, female, super hero, , , leadership, energy projection",-,-,-,-,A: Dormammu: Damnation; R: Rogue: Excalibur; H: M.O.D.O.K.: Ant-Man and the Wasp: Quantumania; L: Jessica Jones: Jewel; M: Spider-Woman: Spider-Man: Across the Spider-Verse,-,blast,blast,1,"https://res.cloudinary.com/mff-master-guides/image/upload/c_scale,w_100/v1/mff/spectrum_uni1.png",,,,,,,,
CASSNOVA,,Cassandra Nova,Marvel Studios' Deadpool & Wolverine,T3,EQ,Energy,-,-,2c5qc3c4 2c5qc3c6,2c5qc3c4(c6),-,JUDGEMENT,-,-,-,-,-,Optional,"mutant, female, super villain, , , mind, mind resist, pure evil",Out of the Meta ,👑,-,-,,Watch video at 13:15 for rotation options to maximize heal,blast,blast,1,"https://res.cloudinary.com/mff-master-guides/image/upload/c_scale,w_100/v1/mff/cassandranova01.png",,,,,,,,
CRYSTAL,,Crystal,Spring Lady,T4 (Awakened),SS,Energy,dont waste gold,Proc,1c2c (6c)3c5c4,(6c)2qc1qc 3c5c4,5,-,-,-,-,-,-,-,"inhuman, female, super hero, , , command, energy projection",Useful,🎯🧩📆,0,-,A: Punisher: Marvel Television's Daredevil: Born Again; R: Hulk: Titan; H: Beast: All-New X-Men; L: Carnage: Superior Carnage; M: Scarlet Witch: Marvel Animation's Marvel Zombies,,blast,blast,1,"https://res.cloudinary.com/mff-master-guides/image/upload/c_scale,w_100/v1/mff/crystal_uni2.png",,,,,,,,
CYCLOPS,,Cyclops,Marvel Animation's X-Men '97,T4 (T3),EQ,Energy,offensive,"Fire, Proc",,,5,INSIGHT,-,INSIGHT,-,-,-,N,"mutant, male, super hero, , , energy projection, command",Lead/Support Meta,🤝👑,16,-,A: Bullseye: Wastelanders; R: Venom: King in Black; H: Rachel Summers: X-Men: Days of Future Past; L: Victorious: Emperor Guarder; M: Silver Surfer: Void Knight,,blast,blast,1,"https://res.cloudinary.com/mff-master-guides/image/upload/c_scale,w_100/v1/mff/cyclops_uni5.png",,,,,,,,
DAISY,,Daisy Johnson,Marvel Studios' Agents of S.H.I.E.L.D. (Quake),Awakened,SS,Energy,dont waste gold,Invincible,,,-,-,-,-,-,-,-,-,"inhuman, female, super hero, , , mind resist, agent",,,0,-,"A: Black Bolt: All-New, All-Different; R: Captain America: Marvel Studios' Captain America: Civil War; H: Ultron Mark 3: Avengers: Age of Ultron; L: Star-Lord: Space Armor; M: Sister Grimm: All-New, All-Different",,blast,blast,1,"https://res.cloudinary.com/mff-master-guides/image/upload/c_scale,w_100/v1/mff/daisyjohnson_uni2.png",,,,,,,,
DAZZLER,,Dazzler,X-Song,T4 (Awakened),XGene Sub,Energy,-,-,,,-,-,-,-,INSIGHT,-,-,-,"mutant, female, super hero, , , energy projection",Lead/Support Meta,🤝,0,-,A: Gamora: Wastelanders; R: White Tiger: Marvel Television's Daredevil: Born Again; H: Maya Lopez (Echo): Marvel Studios' Echo; L: Colossus: Hellfire Gala; M: Knull: Ancient History,,blast,blast,1,"https://res.cloudinary.com/mff-master-guides/image/upload/c_scale,w_100/v1/mff/dazzler01.png",,,,,,,,
DRSTRANGE,,Doctor Strange,What If... Zombies?!,T4 (T3),EQ,Energy,offensive,Mini-Rage,(6c)(5c)1c2c3c4,1c(5c)2c3c4 2c3c(7)1c4 1c2c(6(d)c)(5c)3c4(7),4,RAGE,DESTRUCTION+,RAGE,-,AUTHORITY+,-,N,"human, male, super villain, , , magic, fast movement, zombie",High Meta,👑,14,-,"A: Mantis: Marvel Studios' Guardians of the Galaxy 3; R: Odin: Avengers 1,000,000 BC; H: Jean Grey: Dark Phoenix; L: Captain Monica Rambeau: Marvel Studios' The Marvels; M: Hulk: Titan",,blast,blast,1,"https://res.cloudinary.com/mff-master-guides/image/upload/c_scale,w_100/v3/mff/doctorstrange_uni6.png",,,,,,,,
EMMAFROST,,Emma Frost,Summer Queen,T4 (T3),Crystal Purchase,Energy,offensive,Proc,,,4 / 6,REGENERATION,AUTHORITY+,-,ENERGY,CONQUEST+,-,Y,"mutant, female, super hero, , , mind resist, durability",Low Meta,🔨🧩📆,21,-,A: Hela: Marvel Studios' What If...?; R: Captain America (Sam Wilson): Marvel Studios' Captain America: Brave New World; H: Rogue: Excalibur; L: Electro: Spider-Man: No Way Home; M: Thanos: Obsidian King,,blast,blast,1,"https://res.cloudinary.com/mff-master-guides/image/upload/c_scale,w_100/v1/mff/emmafrost_uni3.png",,,,,,,,
ENCHANTR,,Enchantress,War of the Realms,T3,Bio Sub,Energy,offensive,Proc,3dc(6c)4c5,,4,-,-,INSIGHT,-,-,-,Optional,"alien, female, super villain, , , magic, mind",Lead/Support Gods,👑🤝,0,-,A: Arachknight: Arachknight 2099; R: Moon Knight: Marvel Studios' Moon Knight; H: Cable: X-Force; L: Iron Man: Back to Basics; M: Ancient One: Unleashed Mystic,,blast,blast,1,"https://res.cloudinary.com/mff-master-guides/image/upload/c_scale,w_100/v1/mff/enchantress_uni2.png",,,,,,,,
GAMBIT,,Gambit,X-Men Year-End Party,T4 (Awakened),XGene Sub / DRX,Energy,offensive,Proc,4qc3c(6c)5,,5,ENERGY,-,-,ENERGY,-,-,-,"mutant, male, super hero, , , agility, mind",Low Meta,👑📆,12,-,A: Shuri: Black Panther: Wakanda Forever; R: Invisible Woman: The Fall of the Fantastic Four; H: Sif: Asgard Invasion; L: Hyperion: Enter the Phoenix; M: Wolverine: Marvel Studios' Deadpool & Wolverine,(guaranteed crit synergizes with rage),blast,blast,1,"https://res.cloudinary.com/mff-master-guides/image/upload/c_scale,w_100/v1/mff/gambit_uni2.png",,,,,,,,
HAVOK,,Havok,Modern,T3,EQ,Energy,offensive,Proc,1c2c 3dc5c4 4c3dc5c6,,4 / 6,JUDGEMENT,RAGE,ENERGY,-,-,-,N,"mutant, male, super hero, , , energy projection",Out of the Meta ,👑,0,-,,,blast,blast,1,"https://res.cloudinary.com/mff-master-guides/image/upload/c_scale,w_100/v1/mff/havok01.png",,,,,,,,
HUMANTOR,,Human Torch,Marvel Studios' The Fantastic Four: First Steps,T4 (Awakened),EQ,Energy,offensive,"Fire, Proc",,,5,JUDGEMENT,RAGE,JUDGEMENT,ENERGY,-,-,-,"human, male, super hero, , , flame, fast movement, fantastic four",Useful,😈,14,-,A: Black Panther: Marvel Studios' Black Panther: Wakanda Forever; R: Hulkbuster: Celestial Hulkbuster; H: Emma Frost: Hellfire Gala; L: Spider-Woman: Spider-Man: Across the Spider-Verse; M: Doctor Strange: Death of Doctor Strange,,blast,blast,1,"https://res.cloudinary.com/mff-master-guides/image/upload/c_scale,w_100/v1/mff/humantorch_uni3.png",,,,,,,,
HYDROMAN,,Hydro-Man,Spider-Man: Far From Home,Awakened,SLS,Physical,dont waste gold,Proc,2c5,,5,-,-,-,-,-,-,-,"human, male, super villain, , , pure evil",Out of the Meta ,👑,0,-,,,blast,blast,1,"https://res.cloudinary.com/mff-master-guides/image/upload/c_scale,w_100/v1/mff/hydroman01.png",,,,,,,,
ICEMAN,,Iceman,Krakoan Summer,T3,Crystal Purchase,Energy,offensive,"Cold, Proc",1c2c3c5c4(c6),,4c5 / 4c3,JUDGEMENT,-,-,JUDGEMENT,-,-,N,"mutant, male, super hero, , , chill, cold blooded",Out of the Meta ,📆,9,-,A: Venom: War of the Realms; R: Silver Surfer: Black; H: Captain Britain: Hellfire Gala; L: Spider-Man: Spider-Man: No Way Home (Black & Gold Suit); M: Ikaris: Marvel Studios' Eternals,,blast,blast,1,"https://res.cloudinary.com/mff-master-guides/image/upload/c_scale,w_100/v1/mff/iceman_uni2.png",,,,,,,,
INFERNO,,Inferno,Modern,Awakened,SS,Energy,dont waste gold,"Fire, Proc",5dc2,,5,-,-,-,-,-,-,-,"inhuman, male, super hero, , , flame",,,0,-,A: Loki: Marvel Studios' Thor: Ragnarok; R: Elsa Bloodstone: Monsters Unleashed! (MFF Variant); H: Crystal: Royal Suit; L: Iron Man: Secret Wars: 2099; M: Hulk: Marvel Studios' Thor: Ragnarok,,blast,blast,1,"https://res.cloudinary.com/mff-master-guides/image/upload/c_scale,w_100/v1/mff/inferno_uni1.png",,,,,,,,
INVISWOM,,Invisible Woman,Marvel Studios' The Fantastic Four: First Steps,T4 (Awakened),EQ,Energy,"offensive defensive, shield","Proc, Invincible, GBI",,,4c3,AUTHORITY,-,-,-,-,AUTHORITY+,-,"human, female, super hero, , , energy projection, fantastic four",,,14,-,"A: Loki: Marvel Studios' Loki; R: Black Widow: Venomous; H: Star-Lord: Marvel Studios' Guardians of the Galaxy 3; L: Magik: Marvel Rivals; M: Odin: Avengers 1,000,000 BC",mostly PVP value,blast,blast,1,"https://res.cloudinary.com/mff-master-guides/image/upload/c_scale,w_100/v1/mff/invisiblewoman_uni3.png",,,,,,,,
IRONMAN,,Iron Man,Model Nil,T4 (T3),SS,Energy,offensive,Proc,4qc3c5 3c5c4qc6,,5 / 6,ENERGY,RAGE,RAGE,ENERGY,-,-,Optional,"human, male, super hero, , , machine, energy projection",Useful,,17,-,A: War Tiger: Moon Temple Defenders; R: Shadow Shell: Moon Temple Defenders; H: Namor: Black Panther: Wakanda Forever; L: Agent Venom: Classic; M: Doctor Doom: 3099,,blast,blast,1,"https://res.cloudinary.com/mff-master-guides/image/upload/c_scale,w_100/v1/mff/ironman_uni10.png",,,,,,,,
IRONHEART,,Ironheart,Marvel Television's Ironheart,T4 (Awakened),-,-,-,-,,,-,-,-,-,-,-,-,-,"human, female, super hero, , , machine, leadership",-,-,-,-,A: Star-Lord: Wastelanders; R: Mordo: Marvel Studios' Doctor Strange 2; H: Valkyrie: Fearless Defenders; L: Rogue: Uncanny Avengers; M: Beta Ray Bill: Beta Ray Bill,-,blast,blast,1,"https://res.cloudinary.com/mff-master-guides/image/upload/c_scale,w_100/v1/mff/ironheart_uni1.png",,,,,,,,
JEANGREY,,Jean Grey,Summer Flare Phoenix,T4 (T3),EQ,Energy,"offensive defensive, shield","Mind, Proc",,,4c 5,GREED+,AUTHORITY+,RAGE,JUDGEMENT,GREED+,REFINEMENT+,Optional,"mutant, female, super hero, , , mind, mind resist, phoenix force",Beyond Meta,👑🔨📆😈,13,-,A: Hellstorm: TVA; R: Ultron: All-Father Ultron; H: Juggernaut: Fear Itself; L: Wong: What If... Zombies?!; M: Apocalypse: Heralds of Apocalypse,,universal,blast,1,"https://res.cloudinary.com/mff-master-guides/image/upload/c_scale,w_100/v1/mff/jeangrey_uni3.png",,,,,,,,
JEFF,,Jeff the Land Shark,Marvel Rivals,T4 (T3),,,,,,,,,,,,,,,"creature, male, super hero, , , agility, healing",,,,,,,blast,blast,1,,,,,,,,,
JUBILEE,,Jubilee,Marvel Animation's X-Men '97,T4 (Awakened),Bio Sub,Energy,-,-,(1c2c) (6c)4c3qc5,5dc 4dc,-,-,-,-,-,-,-,-,"mutant, female, super hero, , , energy projection",Lead/Support Meta,🤝🔨,0,-,A: Super Nova Nebula: Marvel Studios' What If...?; R: Human Torch: The Fall of the Fantastic Four; H: Wenwu: Marvel Studios' What If...?; L: Sabretooth: Ultimate; M: Proxima Midnight: Dark Obsidian Armor,,blast,blast,1,"https://res.cloudinary.com/mff-master-guides/image/upload/c_scale,w_100/v1/mff/jubilee01.png",,,,,,,,
KAECILIUS,,Kaecilius,Marvel Studios' Doctor Strange,Awakened,EQ,Energy,dont waste gold,Invincible,,,5,-,-,-,-,-,-,N,"human, male, super villain, , , magic, agility",,,15,-,,,blast,blast,1,"https://res.cloudinary.com/mff-master-guides/image/upload/c_scale,w_100/v1/mff/kaecilius01.png",,,,,,,,
KAHORRI,,Kahhori,Marvel Studios' What If...?,Awakened,Bio Sub,Energy,offensive,Proc,(6c)4qc3c5,,-,-,-,-,ENERGY,-,AUTHORITY,-,"human, female, super hero, , , energy projection, fast movement, cosmic cube",Lead/Support Gods,🤝,0,-,,,blast,blast,1,"https://res.cloudinary.com/mff-master-guides/image/upload/c_scale,w_100/v2/mff/kahhori01.png",,,,,,,,
KIDOMEGA,,Kid Omega,Uncanny X-Men,T4 (Awakened),Lab Processor,Energy,dont waste gold,Proc,,,4,DESTRUCTION,-,-,-,-,-,-,"mutant, male, super hero, , , phoenix force, energy projection",Useful,👑🎯,0,-,A: Captain Marvel: Marvel Animation's Marvel Zombies; R: Loki: Marvel Studios' Loki; H: Rachel Summers: X-Men: Days of Future Past; L: Ghost: Marvel Studios' Thunderbolts*; M: Silver Surfer: Void Knight,,blast,blast,1,"https://res.cloudinary.com/mff-master-guides/image/upload/c_scale,w_100/v1/mff/kidomega01.png",,,,,,,,
LASH,,Lash,Modern,Awakened,SS,Energy,dont waste gold,Invincible,,,-,-,-,-,-,-,-,-,"inhuman, male, super villain, , , energy projection",Out of the Meta ,,0,-,"A: Malekith: All-New, All-Different; R: Captain America: Avengers: Age of Ultron; H: Iron Man: Secret Wars: 2099; L: Kingpin: Secret Wars: Armor Wars; M: Goliath: Modern",,blast,blast,1,"https://res.cloudinary.com/mff-master-guides/image/upload/c_scale,w_100/v1/mff/lash_uni1.png",,,,,,,,
LEADER,,Leader,Modern,T3,Bio Sub,Energy,offensive,Proc,1c2c 5c3dc4 6dc5c3c4,,-,-,-,-,-,-,-,-,"human, male, super villain, , , mind resist, pure evil",Out of the Meta ,🤝👑🎯,-,-,,,blast,blast,1,"https://res.cloudinary.com/mff-master-guides/image/upload/c_scale,w_100/v1/mff/leader01.png",,,,,,,,
LINCOLN,,Lincoln Campbell,Marvel Studios' Agents of S.H.I.E.L.D.,Awakened,SS,Energy,dont waste gold,"Lightning, Inv",,,-,-,-,-,-,-,-,-,"inhuman, male, super hero, , , shock",Out of the Meta ,👑,0,-,,,blast,blast,1,"https://res.cloudinary.com/mff-master-guides/image/upload/c_scale,w_100/v1/mff/lincolncampbell01.png",,,,,,,,
MODOK,,M.O.D.O.K.,Ant-Man and the Wasp: Quantumania,T3,SS,Energy,offensive,"Mind, Proc",3qc4c5(c6),,5 / 6,JUDGEMENT,-,JUDGEMENT,-,-,-,Optional,"human, male, super villain, , , mind, machine, pure evil",Out of the Meta ,👑,5,-,A: Elektra: Woman Without Fear; R: Sif: Asgard Invasion; H: Adam Warlock: Infinity Countdown; L: Hulk: Fear Itself; M: Captain Britain: Hellfire Gala,Ancient One is a good support,blast,blast,1,"https://res.cloudinary.com/mff-master-guides/image/upload/c_scale,w_100/v1/mff/modok_uni3.png",,,,,,,,
GOBLINQU,,Madelyne Pryor,Winter Queen,T4 (T3),-,-,-,-,,,-,-,-,-,-,-,-,-,"mutant, female, super villain, , , chill, mind resist",-,-,-,-,A: Gwenpool: Dark Gwenpool; R: Red Hulk: Marvel Studios' Captain America: Brave New World; H: Bishop: Marvel Animation's X-Men '97; L: Enchantress: War of the Realms; M: Mister Fantastic: The Fall of the Fantastic Four,-,blast,blast,1,"https://res.cloudinary.com/mff-master-guides/image/upload/c_scale,w_100/v2/mff/madelynepryor01.png",,,,,,,,
MAGIK,,Magik,Marvel Rivals,T4 (T3),XGene Sub,Energy,"offensive defensive, shield","Proc, Invincible, GBI",,,5,GREED+,AUTHORITY+,DESTRUCTION+,-,GREED+,AUTHORITY+,Y,"mutant, female, super hero, , , magic, mind resist",Low Meta,👑🧩🔨,7,-,A: Captain America: Back to Basics; R: Gwenpool: Dark Gwenpool; H: Storm: Inhumans vs X-Men; L: Colossus: Hellfire Gala; M: Supergiant: Dark Obsidian Armor,,blast,blast,1,"https://res.cloudinary.com/mff-master-guides/image/upload/c_scale,w_100/v1/mff/magik_uni3.png",,,,,,,,
MAGNETO,,Magneto,Marvel Animation's X-Men '97,T4 (T3),EQ Deluxe Pack,Energy,offensive,Proc,,,5,RAGE,-,RAGE,-,-,-,Y,"mutant, male, super hero, , , energy projection, mind resist",High Meta,👑😈🎯,12,-,A: Spider-Gwen: Spider-Man: Across the Spider-Verse; R: Ms. Marvel (Kamala Khan): Marvel Studios' The Marvels; H: Riri Williams: Black Panther: Wakanda Forever; L: X-23: Target X; M: Ebony Maw: General's Hand,,blast,blast,1,"https://res.cloudinary.com/mff-master-guides/image/upload/c_scale,w_100/v1/mff/magneto_uni3.png",,,,,,,,
MALEKITH,,Malekith,War of the Realms,Awakened,SS,Energy,offensive,Proc,(6c)3c5qc4,,3 / 4,-,-,ENERGY,DESTRUCTION+,-,-,Optional,"alien, male, super villain, , , pure evil, symbiote",Out of the Meta ,👑,1,-,A: Kitty Pryde: Red Queen; R: Captain America (Sharon Rogers): Light Sirius Armor; H: Thanos: Secret Wars: Infinity; L: Drax: Classic; M: Hawkeye (Kate Bishop): Marvel Studios' Hawkeye,,blast,blast,1,"https://res.cloudinary.com/mff-master-guides/image/upload/c_scale,w_100/v1/mff/malekith_uni2.png",,,,,,,,
MANTIS,,Mantis,Marvel Studios' Guardians of the Galaxy 3,Awakened,SLS,Energy,dont waste gold,Proc,(6c)5c3dc4,,5 or 4,JUDGEMENT,-,-,JUDGEMENT,INSIGHT,-,Optional,"alien, female, super hero, , , mind, healing, guardians of the galaxy",Lead/Support Gods,🤝🔨,2,-,A: Quicksilver: Uncanny Avengers; R: Aero: Classic; H: Spider-Man: Spider-Man: Far From Home; L: Moon Knight: Marvel Studios' Moon Knight; M: Taskmaster: Marvel Studios' Black Widow,,blast,blast,1,"https://res.cloudinary.com/mff-master-guides/image/upload/c_scale,w_100/v1/mff/mantis_uni1.png",,,,,,,,
MAXIMUS,,Maximus,War of Kings,Awakened,SS,Energy,dont waste gold,Invincible,,,-,-,-,-,-,-,-,-,"inhuman, male, super villain, , , mind resist, pure evil",Out of the Meta ,,0,-,,,blast,blast,1,"https://res.cloudinary.com/mff-master-guides/image/upload/c_scale,w_100/v1/mff/maximus01.png",,,,,,,,
ECHO,,Maya Lopez (Echo),Marvel Studios' Echo,T4 (Awakened),-,-,-,-,(6c)5(d)c(7)2c3c4,,-,-,-,-,-,-,-,-,"human, female, super hero, , , agility",-,-,-,-,A: Groot: Marvel Studios' Guardians of the Galaxy 3; R: Sister Grimm: Runaways; H: Magneto: House of X; L: Captain Monica Rambeau: Marvel Studios' The Marvels; M: Thanos: Obsidian King,-,speed,blast,1,"https://res.cloudinary.com/mff-master-guides/image/upload/c_scale,w_100/v1/mff/echo_uni2.png",,,,,,,,
MEPHISTO,,Mephisto,Master of Hell,T4 (T3),World Boss,Energy,offensive,"Proc, Mini-rage",,,4 / 6,JUDGEMENT+,,COMPETITION+,JUDGEMENT+,-,-,-,"other, male, super villain, , , hellfire, magic, pure evil",Beyond Meta,👑😈☢️,14,-,A: Sister Grimm: Runaways; R: Thor: All-Father Reborn; H: Winter Soldier: Revolution; L: Colossus: Hellfire Gala; M: Sentry: Merged,(Maybe an Energy or double Fire Damage proc oblsk),universal,blast,1,"https://res.cloudinary.com/mff-master-guides/image/upload/c_scale,w_100/v1/mff/mephisto_uni1.png",,,,,,,,
SINISTER,,Mister Sinister,Hellfire Gala,Awakened,XGene Sub,Energy,"offensive defensive, shield","Mind, Proc",4c(6c)5,,5,TRANSCENDENCE+,-,-,-,-, AUTHORITY+,Y,"mutant, male, super villain, , , pure evil, energy projection, healing",Out of the Meta ,🔨🧩,13,-,A: Moon Knight: Mr. Knight; R: Rescue: 3099; H: Invisible Woman: Classic; L: Venom: War of the Realms; M: Jean Grey: Marvel Girl,,blast,blast,1,"https://res.cloudinary.com/mff-master-guides/image/upload/c_scale,w_100/v1/mff/mistersinister_uni1.png",,,,,,,,
MOONGIRL,,Moon Girl,Monsters Unleashed! (MFF Variant),Awakened,SS,Physical,dont waste gold,Invincible,5dc4,,5,TRANSCENDENCE+,-,-,-,-,-,N,"inhuman, female, super hero, , , weapons master, leadership",Out of the Meta ,👑,6,-,A: Ghost: Marvel Studios' Ant-Man and the Wasp; R: Hulkbuster 2.0: Marvel Studios' Avengers: Infinity War; H: Giant-Man: Ultron Pym; L: War Machine: Marvel Studios' Avengers: Infinity War; M: Satana: Marvel Legacy,,blast,blast,1,"https://res.cloudinary.com/mff-master-guides/image/upload/c_scale,w_100/v1/mff/moongirl_uni1.png",,,,,,,,
MOONSTO,,Moonstone,Dark Avengers,Awakened,EQ Deluxe Pack,Energy,offensive,Proc,5c(4c)(c,,3 / 6,ENERGY,RAGE,-,ENERGY,-,-,-,"human, female, super villain, , , dark avengers, energy projection",Out of the Meta ,,9,-,,,blast,blast,1,"https://res.cloudinary.com/mff-master-guides/image/upload/c_scale,w_100/v1/mff/moonstone01.png",,,,,,,,
MORDO,,Mordo,Marvel Studios' Doctor Strange 2,Awakened,-,-,-,-,(6c)5dc(2dc)4,,-,-,-,-,-,-,-,-,"human, male, super hero, , , agility, heightened senses, magic",-,-,-,-,A: Black Panther: 3099; R: Valkyrie: Fearless Defenders; H: Deadpool: 30th Anniversary Black Version; L: Sif: Asgard Invasion; M: Green Goblin: Dark Avengers,-,speed,blast,1,"https://res.cloudinary.com/mff-master-guides/image/upload/c_scale,w_100/v1/mff/baronmordo_uni2.png",,,,,,,,
MYSTERIO,,Mysterio,Summer Mystery,Awakened,SS,Energy,offensive,"Mind, Proc",(6c)3qc4c5,,5 / 4,JUDGEMENT,RAGE,INSIGHT,JUDGEMENT,-,-,Optional,"human, male, super villain, , , mind, sinister six",Lead/Support Meta,🤝📆,9,-,A: Quasar (Avril Kincaid): Classic; R: Professor X: Quiet Council; H: Silver Surfer: Black; L: Titania: Fear Itself; M: Shuri: Black Panther: Wakanda Forever,,blast,blast,1,"https://res.cloudinary.com/mff-master-guides/image/upload/c_scale,w_100/v1/mff/mysterio_uni2.png",,,,,,,,
NTW,,Negasonic Teenage Warhead,Modern,Awakened,Crystal Purchase,Energy,-,-,3c5,,-,-,-,-,-,-,-,-,"mutant, female, super hero, , , agility, fast movement, energy projection",Out of the Meta ,,0,-,,,blast,blast,1,"https://res.cloudinary.com/mff-master-guides/image/upload/c_scale,w_100/v1/mff/negasonic01.png",,,,,,,,
PHILCOUL,,Phil Coulson,Winter Ops,T3,SS,Energy,dont waste gold,Invincible,1c2c 5dc3dc4 4c5dc3dc6; 1c2c 5dc3dc4 4c3c5dc6; 1c2c 3c5dc4 3c4c5dc6,,-,-,-,INSIGHT,-,INSIGHT+,-,-,"human, male, super hero, , , command, agent",Lead/Support Meta,🤝📆🔨,0,-,A: Black Widow: Golden Gate Vigilante; R: Erik Killmonger (Black Panther): Marvel Studios' Black Panther; H: Thanos: Marvel Studios' Avengers: Endgame; L: Green Goblin: Red Goblin; M: Namor: Black Panther: Wakanda Forever,,blast,blast,1,"https://res.cloudinary.com/mff-master-guides/image/upload/c_scale,w_100/v1/mff/philcoulson_uni2.png",,,,,,,,
POLARIS,,Polaris,Uncanny X-Men,T4 (T3),XGene Sub,Energy,offensive,Proc,,,5,RAGE,-,INSIGHT,RAGE,-,-,Optional,"mutant, female, super villain, , , energy projection, fast movement",Lead/Support Meta,🤝👑🎯,6,-,A: Winter Soldier: Marvel Studios' Thunderbolts*; R: Black Panther: Marvel Studios' Black Panther: Wakanda Forever; H: Captain Monica Rambeau: Marvel Studios' The Marvels; L: Angel: All-New X-Men; M: Beta Ray Bill: Beta Ray Bill,,blast,blast,1,"https://res.cloudinary.com/mff-master-guides/image/upload/c_scale,w_100/v1/mff/polaris01.png",,,,,,,,
PROFX,,Professor X,Quiet Council,T4 (T3),Crystal Purchase,Energy,offensive,"Mind, Proc",,(6qc)5c3qc4,4,RAGE,JUDGEMENT+,JUDGEMENT, RAGE,-,-,Optional,"mutant, male, super hero, , , leadership, mind, mind resist",Out of the Meta ,🤝,20,-,A: Crescent: Light Sirius Armor; R: Captain Marvel: The Last Avenger; H: She-Hulk: Marvel Studios' She-Hulk: Attorney at Law; L: Venom: King in Black; M: Wolverine: House of X,,blast,blast,1,"https://res.cloudinary.com/mff-master-guides/image/upload/c_scale,w_100/v1/mff/professorx_uni2.png",,,,,,,,
PSYLOCKE,,Psylocke,Summer Vacation,T4 (Awakened),EQ,Energy,offensive,"Mind, Proc",,(6qc)3qc4qc5,5,JUDGEMENT,-,-,JUDGEMENT,-,-,N,"mutant, female, super hero, , , agility, mind",Useful,📆,-,-,A: Kraven The Hunter: Interdimensional Hunter; R: Star-Lord: Marvel Studios' Guardians of the Galaxy 3; H: Domino: Krakoa X-Force; L: Crescent: Light Sirius Armor; M: Gladiator: Thanos: The Infinity Revelation,Watch video at 13:15 for rotation options to maximize heal,blast,blast,1,"https://res.cloudinary.com/mff-master-guides/image/upload/c_scale,w_100/v1/mff/psylocke_uni3.png",,,,,,,,
RACHEL,,Rachel Summers,X-Men: Days of Future Past,Awakened,Crystal Purchase,Energy,dont waste gold,"Mind, Proc",(6c)3dc4c5,,5,-,-,-,-,AUTHORITY+,DESTRUCTION+,-,"mutant, female, super hero, , , phoenix force, fast movement",Useful,🔨🧩,0,-,A: Colossus: Hellfire Gala; R: Juggernaut: Fear Itself; H: Kitty Pryde: Red Queen; L: Domino: Krakoa X-Force; M: Cable: Heart of Darkness,,universal,blast,1,"https://res.cloudinary.com/mff-master-guides/image/upload/c_scale,w_100/v1/mff/rachelsummers_uni1.png",,,,,,,,
REDSKULL,,Red Skull,Hydra Armor,Awakened,SS,Physical,dont waste gold,Proc,5c ( 2dc6 2dc4,,4,REGENERATION,AUTHORITY,-,-,REGENERATION, AUTHORITY+,-,"human, male, super villain, , , pure evil, command, cosmic cube",Out of the Meta ,,9,-,A: Captain America: Marvel Studios' Avengers: Endgame; R: Moon Girl: Monsters Unleashed! (MFF Variant); H: Storm: X-Men Red; L: Iron Man: Marvel Studios' Avengers: Endgame; M: Cable: X-Force,,blast,blast,1,"https://res.cloudinary.com/mff-master-guides/image/upload/c_scale,w_100/v1/mff/redskull_uni2.png",,,,,,,,
RESCUE,,Rescue,Invincible Iron Man,Awakened,Bio Sub,Energy,"offensive defensive, shield","Proc, Invincible, GBI",3qc4dc5(c6),,5,AUTHORITY+,ENERGY,-,ENERGY,AUTHORITY+, REGENERATION,-,"human, female, super hero, , , machine, leadership",Lead/Support Meta,👑,16,-,"A: Star-Lord: Marvel Studios' Guardians of the Galaxy 3; R: Spider-Woman: Spider-Man: Across the Spider-Verse; H: Mystique: Hellfire Gala; L: Wenwu: Marvel Studios' What If...?; M: Scarlet Witch: All-New, All-Different",,blast,blast,1,"https://res.cloudinary.com/mff-master-guides/image/upload/c_scale,w_100/v1/mff/rescue_uni2.png",,,,,,,,
ROCKET,,Rocket Raccoon,Marvel Studios' Guardians of the Galaxy 3,T3,SLS,Energy,offensive,"Proc, Mini-Rage",5qc3c4(c6),1c2c1c5qc1c3c1c4(c6),1 / 5,AUTHORITY+,DESTRUCTION+,INSIGHT,ENERGY,-,-,N,"alien, male, super hero, , , weapons master, guardians of the galaxy",,,2,-,A: Supergiant: Dark Obsidian Armor; R: Valkyrie: Marvel Studios' Thor: Love and Thunder; H: Juggernaut: Fear Itself; L: Electro: Spider-Man: No Way Home; M: Winter Soldier: Marvel Studios' The Falcon and the Winter Soldier,,blast,blast,1,"https://res.cloudinary.com/mff-master-guides/image/upload/c_scale,w_100/v1/mff/rocketraccoon_uni6.png",,,,,,,,
WANDA,,Scarlet Witch,Marvel Animation's Marvel Zombies,T4 (T3),World Boss,Energy,offensive,"Mind, Proc, Mini-Rage",,(6dc)2c3c4c1c5 1,5,JUDGEMENT,RAGE,RAGE,JUDGEMENT,-,-,Y,"human, female, super villain, , , chaos magic, fast movement, zombie",High Meta,👑😈☢️,11,-,A: Doctor Strange: Marvel Studios' Doctor Strange 2; R: Luna Snow: Light Sirius Armor; H: Taskmaster: Marvel Studios' Thunderbolts*; L: Wolverine: Enter the Phoenix; M: Ancient One: Unleashed Mystic,rotation new with WandaVision uni,universal,blast,1,"https://res.cloudinary.com/mff-master-guides/image/upload/c_scale,w_100/v1/mff/scarletwitch_uni6.png",,,,,,,,
SERSI,,Sersi,Marvel Studios' Eternals,Awakened,SLS,Energy,"offensive defensive, shield",Proc,3c(6c)5c4,,4,AUTHORITY+,DESTRUCTION+,DESTRUCTION+, ENERGY,GREED+,DESTRUCTION+,Y,"alien, female, super hero, , , eternals, leadership, magic",Useable,🤝🔨🧩,16,-,"A: Magneto: House of X; R: Scarlet Witch: All-New, All-Different; H: Luke Cage: Uptown Suit; L: Loki: Agent of Asgard; M: Ghost: Marvel Studios' Ant-Man and the Wasp",,blast,blast,1,"https://res.cloudinary.com/mff-master-guides/image/upload/c_scale,w_100/v1/mff/sersi_uni1.png",,,,,,,,
SISTERGR,,Sister Grimm,Runaways,T3,SS,Energy,dont waste gold,Invincible,(6qc)5dc4qc3,,-,-,-,-,ENERGY,INSIGHT,AUTHORITY+,-,"human, female, super hero, , , magic",Lead/Support Gods,🤝🔨,0,-,A: America Chavez: Classic; R: Elektra: Woman Without Fear; H: Maya Lopez: Marvel Studios' Hawkeye; L: Angel: All-New X-Men; M: Mister Fantastic: The Maker,,blast,blast,1,"https://res.cloudinary.com/mff-master-guides/image/upload/c_scale,w_100/v1/mff/sistergrimm_uni2.png",,,,,,,,
SONGBIRD,,Songbird,New Avengers,FALSE,SS,Energy,dont waste gold,Invincible,13 4dc5,,-,-,-,-,-,-,-,-,"human, female, super hero, , , fast movement, agent",Out of the Meta ,,0,-,,,blast,blast,1,"https://res.cloudinary.com/mff-master-guides/image/upload/c_scale,w_100/v1/mff/songbird01.png",,,,,,,,
SPIDERWO,,Spider-Woman,Spider-Man: Across the Spider-Verse,Awakened,Bio Sub,Energy,offensive,"Lightning, Proc",3c5qc4,,6 / 5,JUDGEMENT,RAGE,INSIGHT,JUDGEMENT,INSIGHT,-,Optional,"human, female, super hero, , , spider-sense, leadership, agility",Lead/Support Gods,👑🤝,19,-,A: Ghost Rider (Robbie Reyes): Lord of Vengeance; R: Corvus Glaive: Dark Obsidian Armor; H: Gilgamesh: Marvel Studios' Eternals; L: Daredevil: Fall From Grace; M: Iron Man: Marvel Studios' Avengers: Endgame,,blast,blast,1,"https://res.cloudinary.com/mff-master-guides/image/upload/c_scale,w_100/v1/mff/spiderwoman_uni1.png",,,,,,,,
STARLORD,,Star-Lord,Wastelanders,T4 (T3),SS / EQ,Energy,offensive,"Proc, Mini-Rage",1c2c 3qc4c5 3c4c5c6,1c2c,4 / 6,RAGE,ENERGY,RAGE,ENERGY,DESTRUCTION+,-,Optional,"alien, male, super hero, , , weapons master, command, guardians of the galaxy",Useable,👑,16,-,A: Scream: Silence; R: Juggernaut: Fear Itself; H: Rogue: Excalibur; L: Wasp: Ant-Man and the Wasp: Quantumania; M: Doctor Doom: God Emperor,,blast,blast,1,"https://res.cloudinary.com/mff-master-guides/image/upload/c_scale,w_100/v1/mff/starlord_uni6.png",,,,,,,,
STORM,,Storm,Marvel Animation's X-Men '97,T4 (T3),EQ,Energy,offensive,"Lightning, Proc",,,5dc4,RAGE,JUDGEMENT,DESTRUCTION+,JUDGEMENT,-,-,Optional,"mutant, female, super hero, , , shock, command",Beyond Meta,🤝😈☢️,21,-,A: Black Widow: Golden Gate Vigilante; R: Moon Knight: Marvel Studios' Moon Knight; H: Cyclops: Modern; L: Valkyrie: Marvel Studios' Thor: Love and Thunder; M: Ebony Maw: Dark Obsidian Armor,,blast,blast,1,"https://res.cloudinary.com/mff-master-guides/image/upload/c_scale,w_100/v1/mff/storm_uni4.png",,,,,,,,
STRYFE,,Stryfe,The Tyrant of Spring,T4 (T3),EQ,Energy,dont waste gold,Proc,,,3,-,-,RAGE,-,AUTHORITY+,CONQUEST+,-,"mutant, male, super villain, , , pure evil, energy projection",Low Meta,🤝👑🔨🧩📆,1,-,A: Taskmaster: Marvel Studios' Thunderbolts*; R: Sister Grimm: Runaways; H: Yelena Belova: Marvel Studios' Thunderbolts*; L: Emma Frost: Hellfire Gala; M: Doctor Strange: Death of Doctor Strange,,blast,blast,1,"https://res.cloudinary.com/mff-master-guides/image/upload/c_scale,w_100/v1/mff/stryfe_uni1.png",,,,,,,,
SUNSPOT,,Sunspot,Marvel Animation's X-Men '97,T3,EQ,Energy,-,-,,,-,-,-,-,-,-,-,-,"mutant, male, super hero, , , flame, fast movement",Useable,🤝,-,-,,,blast,blast,1,"https://res.cloudinary.com/mff-master-guides/image/upload/c_scale,w_100/v1/mff/sunspot_uni0.png",,,,,,,,
HOOD,,The Hood,Marvel Television's Ironheart,T3,,,,,(1c2c) 3c5qc4 6c5c3c4,(6c)3qc5qc4,,,,,,,,,"human, male, super villain, , , pure evil, fast movement",,,,,,,blast,blast,1,,,,,,,,,
ULYSSES,,Ulysses Klaue,Marvel Studios' Black Panther,Awakened,SLS,Energy,dont waste gold,Proc,4c5,,5,-,-,-,-,-,-,-,"human, male, super villain, , , weapons master",Out of the Meta ,🤝,0,-,,,blast,blast,1,"https://res.cloudinary.com/mff-master-guides/image/upload/c_scale,w_100/v1/mff/ulyssesklaue01.png",,,,,,,,
VALERIA,,Valeria Richards,Modern,Awakened,MV Saga,Energy,offensive,Proc,(6c)3c5c4,,-,ENERGY,RAGE,-,-,-,-,-,"human, female, super hero, , , leadership, fantastic four",Lead/Support Gods,👑🤝🎯,-,-,,"(delay start like sharon vs knull, 4:56)",blast,blast,1,"https://res.cloudinary.com/mff-master-guides/image/upload/c_scale,w_100/v1/mff/valeriarichards01.png",,,,,,,,
VISION,,Vision,Ultimate Vision,T4 (T3),SS,Energy,offensive,Proc,,,5 / 6,RAGE,ENERGY,-,-,-,AUTHORITY,-,"creature, female, super hero, , , fast movement, machine, durability",Useable,🤝🧩👑,12,-,A: The Thing: Marvel Studios' The Fantastic Four: First Steps; R: Hellstorm: TVA; H: Hela: Marvel Studios' What If...?; L: Wolverine: Marvel Studios' Deadpool & Wolverine; M: Rescue: Invincible Iron Man,"Give him energy Uru, but he deals Physical Damage",universal,blast,1,"https://res.cloudinary.com/mff-master-guides/image/upload/c_scale,w_100/v1/mff/vision_uni3.png",,,,,,,,
WARMACHI,,War Machine,Invincible Iron Man,T4 (T3),SS,Physical,offensive,Proc,4c3c5(c6),,4 / 6,ENERGY,RAGE,-,INSIGHT,-,-,-,"human, male, super hero, , , machine, leadership",Useable,🤝👑,2,-,A: Green Goblin: Red Goblin; R: Spider-Man (Miles Morales): Spider-Man: Across the Spider-Verse; H: Rachel Summers: X-Men: Days of Future Past; L: Thane: Phoenix Force; M: Mister Fantastic: Future Foundation,"(delay start like sharon vs knull, 4:56)",blast,blast,1,"https://res.cloudinary.com/mff-master-guides/image/upload/c_scale,w_100/v1/mff/warmachine_uni8.png",,,,,,,,
WASP,,Wasp,Ant-Man and the Wasp: Quantumania,Awakened,SS,Energy,"defensive, shield, offensive","Invincible, GBI",(6c)(2c)3qc4c5,,5,INSIGHT,ENERGY,-,-,INSIGHT,AUTHORITY,Optional,"human, female, super hero, , , fast movement",Lead/Support Meta,🤝👑🔨,5,-,A: Captain America: Enter the Phoenix; R: Scream: Silence; H: America Chavez: Marvel Studios' Doctor Strange 2; L: Valkyrie: Fearless Defenders; M: Deadpool: 30th Anniversary Black Version,,blast,blast,1,"https://res.cloudinary.com/mff-master-guides/image/upload/c_scale,w_100/v1/mff/wasp01.png",,,,,,,,
NADIAVAND,,Wasp (Nadia Van Dyne),Modern,Awakened,Bio Sub,Energy,dont waste gold,Invincible,5,,2,-,-,-,-,-,-,Support,"human, female, super hero, , , agent, fast movement",,,9,-,,,blast,blast,1,"https://res.cloudinary.com/mff-master-guides/image/upload/c_scale,w_100/v1/mff/nadiavandyne01.png",,,,,,,,
WEAPONHE,,Weapon Hex,Infected Bioweapon,T4 (Awakened),XGene Sub,Energy,dont waste gold,Proc,(6c)3dc5c4,,5,-,-,-,-,-,-,N,"mutant, female, super villain, , , zombie, healing, chaos magic",Low Meta,🤝🔨📆,6,-,A: Cable: Heart of Darkness; R: Mister Sinister: Hellfire Gala; H: Captain America (Sharon Rogers): Poseidon Armor; L: Malekith: War of the Realms; M: Baron Zemo: Marvel Studios' The Falcon and the Winter Soldier,,blast,blast,1,"https://res.cloudinary.com/mff-master-guides/image/upload/c_scale,w_100/v1/mff/weaponhex_uni1.png",,,,,,,,
WENWU,,Wenwu,Marvel Studios' What If...?,T3,Bio Sub,Energy,offensive,Proc,1c2c (6dc)3c4dc5,,-,-,-,-,ENERGY,INSIGHT,AUTHORITY,-,"human, male, super villain, , , agility, pure evil",Out of the Meta ,👑🔨,2,-,"A: Sun Bird: Moon Temple Defenders; R: Beast: All-New X-Men; H: Blue Dragon: Moon Temple Defenders; L: Angela: Asgard's Assassin; M: Odin: Avengers 1,000,000 BC",,blast,blast,1,"https://res.cloudinary.com/mff-master-guides/image/upload/c_scale,w_100/v1/mff/wenwu_uni1.png",,,,,,,,
WHIPLASH,,Whiplash,Marvel Studios' Iron Man 2,Awakened,SLS,Physical,dont waste gold,Invincible,,,-,-,-,-,-,-,-,-,"human, male, super villain, , , shock, machine",Out of the Meta ,,0,-,,,blast,blast,1,"https://res.cloudinary.com/mff-master-guides/image/upload/c_scale,w_100/v1/mff/whiplash01.png",,,,,,,,
BLACKSWAN,,Wiccan,New Avengers,Awakened,SS,Energy,dont waste gold,Invincible,,,-,-,-,-,-,-,-,-,"human, male, super hero, , , fast movement, energy projection",Out of the Meta ,🤝,0,-,,,blast,blast,1,"https://res.cloudinary.com/mff-master-guides/image/upload/c_scale,w_100/v1/mff/wiccan01.png",,,,,,,,
YELLOWJA,,Yellowjacket,Marvel NOW!,Awakened,SS,Energy,dont waste gold,Proc,5,,5,-,-,-,-,-,-,-,"human, male, super villain, , , pure evil, machine",Out of the Meta ,,0,-,A: Doctor Strange: Marvel Studios' Doctor Strange; R: Elsa Bloodstone: Secret Wars: Marvel Zombies; H: Deathlok: Modern; L: War Machine: Marvel Studios' Captain America: Civil War; M: Falcon: All-New Captain America,,blast,blast,1,"https://res.cloudinary.com/mff-master-guides/image/upload/c_scale,w_100/v1/mff/yellowjacket_uni1.png",,,,,,,,
AERO,,Aero,Classic,Awakened,Bio Sub,Energy,dont waste gold,Proc,3dc5,,5,RAGE,ENERGY,-,-,-,-,N,"human, female, super hero, , , leadership, fast movement",Out of the Meta ,,10,-,A: Human Torch: Classic; R: Ant-Man: Marvel Studios' Ant-Man and the Wasp; H: Dormammu: Damnation; L: Rogue: Uncanny Avengers; M: Yelena Belova: Marvel Studios' Black Widow (Snow Suit),,speed,speed,2,"https://res.cloudinary.com/mff-master-guides/image/upload/c_scale,w_100/v1/mff/aero_uni1.png",,,,,,,,
AGENT13,,Agent 13,Marvel Studios' Captain America: Civil War,Awakened,SS,Physical,dont waste gold,Invincible,,,-,-,-,-,-,-,-,-,"human, female, super hero, , , agent",Out of the Meta ,,0,-,"A: Iron Fist: All-New, All-Different; R: Drax: All-New, All-Different; H: Maestro: Secret Wars: Future Imperfect; L: Hawkeye: Marvel Studios' Captain America: Civil War; M: Crossbones: Modern",,speed,speed,2,"https://res.cloudinary.com/mff-master-guides/image/upload/c_scale,w_100/v1/mff/agent13_uni1.png",,,,,,,,
ANGEL,,Angel,Fallen One,T4 (Awakened),SS,Physical,"offensive defensive, shield",Proc,(6c)3qc5c4,,5,ENERGY,AUTHORITY+,INSIGHT,DESTRUCTION+,AUTHORITY+,REGENERATION+,Optional,"mutant, male, super hero, , , fast movement, leadership",Lead/Support Gods,🤝👑🧩📆,1,-,A: Shadow Shell: Moon Temple Defenders; R: Malekith: War of the Realms; H: Domino: Krakoa X-Force; L: Nick Fury: Marvel Studios' The Marvels; M: Silver Surfer: Black,,speed,speed,2,"https://res.cloudinary.com/mff-master-guides/image/upload/c_scale,w_100/v1/mff/angel_uni3.png",,,,,,,,
ANTMAN,,Ant-Man,Ant-Man and the Wasp: Quantumania,T4 (T3),SS,Physical,offensive,Proc,1c2c3c4c5 (7c)(6dc)3c4c5,,5,ENERGY,-,ENERGY,RAGE,DESTRUCTION+,-,Optional,"human, male, super hero, , , agility",Out of the Meta ,,5,-,A: Absorbing Man: Fear Itself; R: Apocalypse: Messiah Complex; H: Kingo: Marvel Studios' Eternals; L: Heimdall: Asgard Invasion; M: Baron Zemo: Marvel Studios' The Falcon and the Winter Soldier,CTP not recommended,speed,speed,2,"https://res.cloudinary.com/mff-master-guides/image/upload/c_scale,w_100/v1/mff/antman_uni6.png",,,,,,,,
ARACHKNI,,Arachknight,Arachknight 2099,Awakened,HQ,Physical,dont waste gold,Proc,3c(6c)5dc4,,4,RAGE,REGENERATION,RAGE,-,REGENERATION+,-,N,"human, male, super hero, , , leadership, infinity warps, spider-sense",Out of the Meta ,👑,4,-,A: Medusa: Inhumans vs X-Men; R: Doctor Octopus: Spider-Man: No Way Home; H: Sun Bird: Moon Temple Defenders; L: Nightcrawler: Classic; M: Scarlet Witch: Marvel Studios' Doctor Strange 2,,speed,speed,2,"https://res.cloudinary.com/mff-master-guides/image/upload/c_scale,w_100/v1/mff/arachknight_uni1.png",,,,,,,,
ZEMO,,Baron Zemo,Marvel Studios' The Falcon and the Winter Soldier,Awakened,Bio Sub,Physical,dont waste gold,Proc,,,3,INSIGHT,-,-,INSIGHT,-,-,-,"human, male, super villain, , , agility, pure evil",Out of the Meta ,👑,0,-,A: Ms. Marvel (Kamala Khan): Inhumans: Attilan Rising; R: Carnage: Absolute Carnage; H: Vision: Uncanny Avengers; L: Nightcrawler: Classic; M: Apocalypse: Messiah Complex,,speed,speed,2,"https://res.cloudinary.com/mff-master-guides/image/upload/c_scale,w_100/v1/mff/baronzemo_uni1.png",,,,,,,,
BLACKCAT,,Black Cat,Queen in Black,T4 (Awakened),SLS,Physical,dont waste gold,Invincible,(1c2c) (6c)3c4dc5,(1c2c) (6c)3qc4dc5,4 / 5,INSIGHT,-,INSIGHT,-,-,-,Support,"human, female, super hero, , , agility",Lead/Support Meta,🤝👑,0,-,A: Gwenpool: Dark Gwenpool; R: Falcon: What If... Zombies?!; H: Bishop: Marvel Animation's X-Men '97; L: Nick Fury: Marvel Studios' The Marvels; M: Mister Fantastic: The Fall of the Fantastic Four,,universal,speed,2,"https://res.cloudinary.com/mff-master-guides/image/upload/c_scale,w_100/v1/mff/blackcat_uni3.png",,,,,,,,
BPANTHER,,Black Panther,Marvel Studios' Black Panther: Wakanda Forever,T3,SS,Physical,offensive,Proc,(6c)3c5c4,,5 / 4,ENERGY,DESTRUCTION+,RAGE+,ENERGY,-,-,-,"human, female, super hero, , , heightened senses, leadership",Useable,,13,-,A: Thor: Marvel Studios' Thor: Love and Thunder; R: Hawkeye: Marvel Studios' Hawkeye (Hero Suit); H: Spider-Man (Miles Morales): Anniversary Special; L: Gambit: Excalibur; M: Cable: X of Swords,,speed,speed,2,"https://res.cloudinary.com/mff-master-guides/image/upload/c_scale,w_100/v1/mff/shuri_uni3.png",,,,,,,,
BLACKSWAN,,Black Swan,Modern,T3,World Boss,Energy,offensive,Proc,3dc4c5(c6),,-,ENERGY,RAGE,-,-,-,-,Y (PVP),"alien, female, super villain, , , pure evil, black order",Useable,👑🔨,-,-,,,speed,speed,2,"https://res.cloudinary.com/mff-master-guides/image/upload/c_scale,w_100/v3/mff/blackswan01.png",,,,,,,,
BLACKWID,,Black Widow,Venomous,T4 (T3),SS,Physical,"offensive, defensive, shield","Proc, Invincible, GBI",5dc3c4,,5 / 6,ENERGY,RAGE,RAGE,ENERGY,GREED+, AUTHORITY+,Y (PVP),"human, female, super hero, , , agility, agent, symbiote",Low Meta,🔨🧩,16,-,A: Punisher: Fist of the Beast; R: M.O.D.O.K.: Ant-Man and the Wasp: Quantumania; H: Black Dwarf: Dark Obsidian Armor; L: Gambit: Excalibur; M: Hulkbuster: Celestial Hulkbuster,,speed,speed,2,"https://res.cloudinary.com/mff-master-guides/image/upload/c_scale,w_100/v1/mff/blackwidow_uni10.png",,,,,,,,
FALCON,,Captain America (Sam Wilson),Marvel Studios' Captain America: Brave New World,T4 (T3),-,-,-,-,1c2c 4c3c5(c6),,-,-,-,-,-,-,-,-,"human, male, super hero, , , fast movement, leadership, command",-,-,-,-,A: Star-Lord: Marvel Studios' Guardians of the Galaxy 3; R: Hela: Marvel Studios' What If...?; H: Nicepool: Marvel Studios' Deadpool & Wolverine; L: Ikaris: Marvel Studios' Eternals; M: Shadow Shell: Moon Temple Defenders,-,speed,speed,2,"https://res.cloudinary.com/mff-master-guides/image/upload/c_scale,w_100/v1/mff/falcon_uni5.png",,,,,,,,
CASSIELANG,,Cassie Lang,Ant-Man and the Wasp: Quantumania,Awakened,,Physical,dont waste gold,Proc,3dc5dc4,,4,-,-,-,-,-,-,N,"human, female, super hero, , , fast movement, agility",,,0,-,,,speed,speed,2,"https://res.cloudinary.com/mff-master-guides/image/upload/c_scale,w_100/v1/mff/cassielang01.png",,,,,,,,
DAREDEVIL,,Daredevil,Marvel Television's Daredevil: Born Again,T4 (T3),SS,Physical,"offensive, defensive, shield","Proc, Invincible, GBI",5c4c3 5c4c3,,5,REGENERATION,AUTHORITY+,-,-,CONQUEST+, AUTHORITY+,-,"human, male, super hero, , , heightened senses, defenders, leadership",Useable,🔨,11,-,A: Sister Grimm: Runaways; R: Malekith: War of the Realms; H: Mystique: Hellfire Gala; L: Chasm: Dark Web; M: Adam Warlock: Marvel Studios' Guardians of the Galaxy 3,,speed,speed,2,"https://res.cloudinary.com/mff-master-guides/image/upload/c_scale,w_100/v1/mff/daredevil_uni4.png",,,,,,,,
DARKHAWK,,Darkhawk,Modern,FALSE,EQ,Energy,dont waste gold,Proc,3c5,,5,-,-,-,-,-,-,-,"human, male, super hero, , , leadership, fast movement",Out of the Meta ,,0,-,,,speed,speed,2,"https://res.cloudinary.com/mff-master-guides/image/upload/c_scale,w_100/v1/mff/darkhawk01.png",,,,,,,,
DEADPOOL,,Deadpool,Marvel Studios' Deadpool & Wolverine,T4 (T3),EQ,Physical,-,-,(7) 1qc3c4qc5(c6),,-,ENERGY,REGENERATION,-,-,GREED+,-,Y,"mutant, male, super hero, , , healing, weapons master",Low Meta,👑🔨🧩,9,-,A: Hulk: Fear Itself; R: Hawkeye (Kate Bishop): Marvel Studios' Hawkeye; H: Captain America (Sharon Rogers): Light Sirius Armor; L: Captain America: Marvel Studios' Avengers: Endgame; M: Thanos: Secret Wars: Infinity,Can work with an obelisk,speed,speed,2,"https://res.cloudinary.com/mff-master-guides/image/upload/c_scale,w_100/v1/mff/deadpool_uni8.png",,,,,,,,
DOMINO,,Domino,Krakoa X-Force,Awakened,EQ,Physical,dont waste gold,Proc,(6c)3(d)c4qc5,,3,-,-,JUDGEMENT,-,ENERGY+,AUTHORITY+,-,"mutant, female, super hero, , , agility, weapons master",,,1,-,A: War Tiger: Moon Temple Defenders; R: Chasm: Dark Web; H: Cyclops: Modern; L: Aero: Classic; M: Infinity Ultron: Marvel Studios' What If...?,,speed,speed,2,"https://res.cloudinary.com/mff-master-guides/image/upload/c_scale,w_100/v1/mff/domino_uni2.png",,,,,,,,
ELECTRO,,Electro,Spider-Man: No Way Home,Awakened,Bio Sub,Energy,offensive,"Lightning, Proc",,3c(6c)5dc4,5,JUDGEMENT+,ENERGY,JUDGEMENT,INSIGHT,AUTHORITY+,-,N,"human, male, super villain, , , pure evil, shock, sinister six",Out of the Meta ,👑🤝,17,-,A: Baron Zemo: Marvel Studios' The Falcon and the Winter Soldier; R: X-23: All-New Wolverine; H: Captain America: Hydra Supreme; L: Doctor Strange: Marvel Studios' Avengers: Infinity War; M: Loki: Marvel Studios' Loki (President Loki),,speed,speed,2,"https://res.cloudinary.com/mff-master-guides/image/upload/c_scale,w_100/v1/mff/electro_uni1.png",,,,,,,,
ELEKTRA,,Elektra,Elektra,T4 (T3),SS,Physical,offensive,Proc,1c2c 3qc4c5(c6),,5,ENERGY,-,ENERGY,RAGE,AUTHORITY+,-,N,"human, female, super hero, , , weapons master",Useable,🔨,11,-,A: Angela: Asgard's Assassin; R: Heimdall: Asgard Invasion; H: Captain Britain: Hellfire Gala; L: Carnage: Fallen Soul; M: Quicksilver: Mighty Avengers,,speed,speed,2,"https://res.cloudinary.com/mff-master-guides/image/upload/c_scale,w_100/v1/mff/elektra_uni2.png",,,,,,,,
ELSA,,Elsa Bloodstone,Monsters Unleashed! (MFF Variant),Awakened,SS,Physical,dont waste gold,Proc,(6)5,,6 / 5 ,RAGE,AUTHORITY,-,-,-,-,-,"human, female, super hero, , , weapons master",Out of the Meta ,,7,-,"A: Hulk (Amadeus Cho): Monsters Unleashed! (MFF Variant); R: Red Skull: Secret Wars: Red Skull; H: Sister Grimm: All-New, All-Different; L: Angela: Secret Wars: 1602 Witch Hunter Angela; M: Blade: 70's Classic",CTP not recommended,speed,speed,2,"https://res.cloudinary.com/mff-master-guides/image/upload/c_scale,w_100/v1/mff/elsabloodstone_uni2.png",,,,,,,,
JOAQUIN,,Falcon (Joaquin Torres),Marvel Studios' Captain America: Brave New World,T3,SS,Physical,offensive,Proc,1c2c 3c4qc5 3c4qc6,,-,ENERGY,-,-,-,-,-,-,"human, male, super hero, , , fast movement, leadership",,,-,-,,,speed,speed,2,"https://res.cloudinary.com/mff-master-guides/image/upload/c_scale,w_100/v1/mff/joaquintorres01.png",,,,,,,,
FANDRAL,,Fandral,Modern,Awakened,SS,Physical,dont waste gold,Invincible,,,-,-,-,-,-,-,-,-,"alien, male, super hero, , , agility",Out of the Meta ,,0,-,,,speed,speed,2,"https://res.cloudinary.com/mff-master-guides/image/upload/c_scale,w_100/v1/mff/fandral01.png",,,,,,,,
FANTOMEX,,Fantomex,X-Force,Awakened,EQ,Physical,dont waste gold,Proc,3c5,,5,-,-,-,-,-,-,-,"mutant, male, super hero, , , agility, weapons master",Out of the Meta ,,0,-,,,speed,speed,2,"https://res.cloudinary.com/mff-master-guides/image/upload/c_scale,w_100/v1/mff/fantomex01.png",,,,,,,,
GAMORA,,Gamora,Wastelanders,T4 (Awakened),SLS,Physical,offensive,Proc,(6c)3qc4c5,,5,RAGE,-,ENERGY,RAGE,AUTHORITY+,-,Optional,"alien, female, super hero, , , agility, weapons master, guardians of the galaxy",Low Meta,👑🎯☢️,11,-,A: Doctor Octopus: Ends of the Earth; R: Spider-Man (Miles Morales): Anniversary Special; H: X-23: All-New Wolverine; L: Victorious: Emperor Guarder; M: Scarlet Witch: Marvel Studios' WandaVision,,speed,speed,2,"https://res.cloudinary.com/mff-master-guides/image/upload/c_scale,w_100/v1/mff/gamora_uni5.png",,,,,,,,
GHOST,,Ghost,Marvel Studios' Thunderbolts*,T3,Bio Sub,Energy,dont waste gold,Proc,1c2c 5c4c3(c6),,4,,,-,-,-,-,-,"human, female, super hero, , , weapons master, machine, thunderbolts",Out of the Meta ,🤝👑,0,-,A: Ms. Marvel (Kamala Khan): Marvel Studios' The Marvels; R: Deadpool: Marvel Studios' Deadpool & Wolverine; H: Thane: Phoenix Force; L: Mister Fantastic: The Fall of the Fantastic Four; M: Professor X: Quiet Council,,speed,speed,2,"https://res.cloudinary.com/mff-master-guides/image/upload/c_scale,w_100/v1/mff/ghost_uni1.png",,,,,,,,
GREENGOB,,Green Goblin,Gold Goblin,T4 (T3),SS,Energy,offensive,"Fire, Proc",,,4,JUDGEMENT,-,JUDGEMENT,RAGE,-,-,Optional,"human, male, super hero, , , poison, fast movement, sinister six",High Meta,👑🤝😈,8,-,A: Winter Soldier: Marvel Studios' Thunderbolts*; R: Vision: Ultimate Vision; H: Rachel Summers: X-Men: Days of Future Past; L: Mephisto: Master of Hell; M: Sentinel: Stark Sentinels Mk II,,speed,speed,2,"https://res.cloudinary.com/mff-master-guides/image/upload/c_scale,w_100/v1/mff/greengoblin_uni4.png",,,,,,,,
GWENPOOL,,Gwenpool,Dark Gwenpool,T4 (T3),SS,Physical,offensive,Proc,1c5qc3c4c 2 6dc,1c5qc3c4c2(c6dc); 1c5qc3c4c2 5qc3c4c6dc1c2,2 / 6,RAGE,JUDGEMENT,RAGE,ENERGY,-,DESTRUCTION+,N,"human, female, super villain, , , agility",Useful,☢️,19,-,A: Wasp: Ant-Man and the Wasp: Quantumania; R: Wong: Marvel Studios' Doctor Strange 2; H: Beast: All-New X-Men; L: Kitty Pryde: Red Queen; M: Beta Ray Bill: Beta Ray Bill,,speed,speed,2,"https://res.cloudinary.com/mff-master-guides/image/upload/c_scale,w_100/v1/mff/gwenpool_uni4.png",,,,,,,,
HAWKEYE,,Hawkeye,Wastelanders,T4 (T3),SS,Physical,offensive,Proc,5dc3c4(c6),,4 / 6,ENERGY,RAGE,-,ENERGY,-,-,N,"human, male, super hero, , , weapons master, agent",Out of the Meta ,,10,-,A: She-Hulk: Marvel Studios' She-Hulk: Attorney at Law; R: Spider-Man: Back to Basics; H: Magneto: House of X; L: Enchantress: War of the Realms; M: Gladiator: Thanos: The Infinity Revelation,,speed,speed,2,"https://res.cloudinary.com/mff-master-guides/image/upload/c_scale,w_100/v1/mff/hawkeye_uni6.png",,,,,,,,
KATEBISH,,Hawkeye (Kate Bishop),Young Avengers,T4 (Awakened),SS,Physical,offensive,Proc,,,4,ENERGY,RAGE,-,ENERGY,-,-,N,"human, female, super hero, , , agility, agent, young avengers",Useful,☢️,8,-,A: Bullseye: Wastelanders; R: Ms. Marvel (Kamala Khan): Marvel Studios' The Marvels; H: Black Widow: Venomous; L: Daken: Dark Wolverine; M: Thanos: Thanos Wins,(spam 3),speed,speed,2,"https://res.cloudinary.com/mff-master-guides/image/upload/c_scale,w_100/v1/mff/katebishop_uni1.png",,,,,,,,
HELLCAT,,Hellcat,"All-New, All-Different",Awakened,SLS,Physical,dont waste gold,Invincible,,,-,-,-,-,-,-,-,-,"human, female, super hero, , , agility",Out of the Meta ,,0,-,,,speed,speed,2,"https://res.cloudinary.com/mff-master-guides/image/upload/c_scale,w_100/v1/mff/hellcat01.png",,,,,,,,
IKON,,Ikon,Modern,Awakened,SLS,Energy,offensive,-,(6c)3c4dc5,,-,,,ENERGY,-,REGENERATION+,AUTHORITY+,-,"alien, female, super hero, , , agility, energy projection, annihilators",,,-,-,,,speed,speed,2,"https://res.cloudinary.com/mff-master-guides/image/upload/c_scale,w_100/v1/mff/ikon01.png",,,,,,,,
KARNAK,,Karnak,"All-New, All-Different",Awakened,SS,Physical,dont waste gold,Invincible,,,-,-,-,-,-,-,-,-,"inhuman, male, super hero, , , heightened senses",Out of the Meta ,,0,-,"A: Elsa Bloodstone: Monsters Unleashed! (MFF Variant); R: Black Bolt: Inhumans: Attilan Rising; H: Ghost Rider: Inhumans: Attilan Rising; L: Daredevil: All-New, All-Different; M: Iron Man: Secret Wars: 2099",,speed,speed,2,"https://res.cloudinary.com/mff-master-guides/image/upload/c_scale,w_100/v1/mff/karnak_uni1.png",,,,,,,,
KATY,,Katy,Marvel Studios' Shang-Chi,Awakened,SLS,Physical ,dont waste gold,Proc,3c5qc4,,4,-,-,ENERGY,-,-,-,-,"human, female, super hero, , , weapons master, agility",Out of the Meta ,🤝,0,-,,,speed,speed,2,"https://res.cloudinary.com/mff-master-guides/image/upload/c_scale,w_100/v1/mff/katy01.png",,,,,,,,
KIDKAIJU,,Kid Kaiju,Monsters Unleashed! (MFF Variant),Awakened,Bio Sub,Physical,dont waste gold,Proc,,,5,-,-,-,-,-,-,-,"inhuman, male, super hero, , , command",Out of the Meta ,,0,-,A: Hulk (Amadeus Cho): Monsters Unleashed! (MFF Variant); R: Elsa Bloodstone: Monsters Unleashed! (MFF Variant); H: Iron Fist: New Avengers; L: Ghost Rider: 70's Classic; M: M.O.D.O.K.: SPIDOC,,speed,speed,2,"https://res.cloudinary.com/mff-master-guides/image/upload/c_scale,w_100/v1/mff/kidkaiju_uni1.png",,,,,,,,
KINGO,,Kingo,Marvel Studios' Eternals,Awakened,SLS,Energy,dont waste gold,Mini-Rage,,(6c)3qc2c5dc2c4 2c1c2c,4,-,-,-,RAGE,-,-,N,"alien, male, super hero, , , eternals, leadership, energy projection",Out of the Meta ,,9,-,A: Storm: X-Men Red; R: Quasar (Avril Kincaid): Classic; H: Rogue: Uncanny Avengers; L: Ebony Maw: Dark Obsidian Armor; M: Crystal: Fantastic Four,,blast,speed,2,"https://res.cloudinary.com/mff-master-guides/image/upload/c_scale,w_100/v1/mff/kingo_uni1.png",,,,,,,,
KITTYPRY,,Kitty Pryde,Red Queen,T3,XGene Sub,Physical,dont waste gold,Proc,3c5dc4 3c4c5dc6,,5,INSIGHT,-,INSIGHT,ENERGY,,-,N,"mutant, female, super hero, , , command, weapons master",,,5,-,A: Gambit: Excalibur; R: Mordo: Marvel Studios' Doctor Strange 2; H: Ghost Rider (Robbie Reyes): Lord of Vengeance; L: Scarlet Witch: Uncanny Avengers; M: Black Widow: Golden Gate Vigilante,,speed,speed,2,"https://res.cloudinary.com/mff-master-guides/image/upload/c_scale,w_100/v1/mff/kittypryde_uni1.png",,,,,,,,
KORATH,,Korath,Marvel Studios' Captain Marvel,Awakened,SLS,Physical,dont waste gold,Proc,2c5 4c2c5,,5,-,-,-,-,-,-,-,"alien, male, super villain, , , weapons master, pure evil",Out of the Meta ,,0,-,,,speed,speed,2,"https://res.cloudinary.com/mff-master-guides/image/upload/c_scale,w_100/v1/mff/korath01.png",,,,,,,,
KRAVEN,,Kraven The Hunter,Interdimensional Hunter,Awakened,SS,Physical,dont waste gold,Invincible,(6c)5dc(2c)3qc4,,-,-,-,INSIGHT,-,-,-,N,"human, male, super villain, , , weapons master, agility, sinister six",Out of the Meta ,🤝,4,-,A: Hawkeye: Marvel Studios' Hawkeye (Hero Suit); R: Green Goblin: Spider-Man: No Way Home; H: Crescent: Lifestyle Series 1; L: Angel: All-New X-Men; M: Proxima Midnight: Marvel Studios' Avengers: Infinity War,,speed,speed,2,"https://res.cloudinary.com/mff-master-guides/image/upload/c_scale,w_100/v1/mff/kraventhehunter_uni1.png",,,,,,,,
LUNASNOW,,Luna Snow,Mirae 2099,T4 (T3),Bio Sub,Energy,offensive,"Cold, Proc",,5c4c3c1c2,-,JUDGEMENT,RAGE,RAGE, JUDGEMENT,-,-,N,"human, female, super hero, , , leadership, cold blooded",High Meta,🧩☢️,14,-,A: Star-Lord: Wastelanders; R: Shang-Chi: Marvel Animation's Marvel Zombies; H: Ares: Punisher; L: Beast: Marvel Animation's X-Men '97; M: Sentry: Marvel Studios' Thunderbolts*,,speed,speed,2,"https://res.cloudinary.com/mff-master-guides/image/upload/c_scale,w_100/v1/mff/lunasnow_uni4.png",,,,,,,,
MAKKAARI,,Makkari,Marvel Studios' Eternals,Awakened,EQ,Physical,offensive,Proc,3dc(6,(6c)3dc2qc4qc5,5,ENERGY,RAGE,ENERGY,RAGE,-,-,Y,"alien, female, super hero, , , leadership, fast movement, eternals",,,17,-,A: Doctor Octopus: Superior Octopus; R: Crescent: Lifestyle Series 1; H: Beast: Uncanny X-Men; L: Spider-Gwen: Gwenom; M: Corvus Glaive: Dark Obsidian Armor,,speed,speed,2,"https://res.cloudinary.com/mff-master-guides/image/upload/c_scale,w_100/v1/mff/makkari_uni1.png",,,,,,,,
MISTYKNI,,Misty Knight,"All-New, All-Different",Awakened,SLS,Physical,dont waste gold,Invincible,5,,-,-,-,-,-,-,-,-,"human, female, super hero, , , agent, weapons master",Out of the Meta ,👑,0,-,,,speed,speed,2,"https://res.cloudinary.com/mff-master-guides/image/upload/c_scale,w_100/v1/mff/mistyknight01.png",,,,,,,,
MOCKINGB,,Mockingbird,"All-New, All-Different",Awakened,SS,Physical,dont waste gold,Invincible,,,-,-,-,-,-,-,-,-,"human, female, super hero, , , agility, agent",Out of the Meta ,,0,-,A: Daredevil: Devil of Hell's Kitchen; R: War Machine: Iron Patriot; H: Bobbi Morse: Marvel Studios' Agents of S.H.I.E.L.D.; L: Red Hulk: Marvel NOW!; M: M.O.D.O.K.: CAPDOC,,speed,speed,2,"https://res.cloudinary.com/mff-master-guides/image/upload/c_scale,w_100/v1/mff/mockingbird_uni2.png",,,,,,,,
MYSTIQUE,,Mystique,Hellfire Gala,T4 (Awakened),Crystal Purchase,Physical,offensive,Proc,,4dc3qc2qc5dc1(c6dc),6 / 5,INSIGHT,RAGE,RAGE,INSIGHT,-,-,-,"mutant, female, super villain, , , agility, weapons master",Useable,🤝,11,-,A: Rogue: Excalibur; R: Stryfe: Classic; H: Angel: All-New X-Men; L: Mister Sinister: Hellfire Gala; M: Namor: Black Panther: Wakanda Forever,,speed,speed,2,"https://res.cloudinary.com/mff-master-guides/image/upload/c_scale,w_100/v1/mff/mystique01.png",,,,,,,,
NICKFURY,,Nick Fury,Secret Avengers,T4 (T3),Bio Sub,Physical,dont waste gold,Proc,,,5c4 /5,INSIGHT,-,INSIGHT,-,-,-,-,"human, male, super hero, , , agent, leadership, weapons master",Lead/Support Meta,🤝👑,1,-,A: Spider-Gwen: Spider-Man: Across the Spider-Verse; R: Arachknight: Arachknight 2099; H: Agent Venom: Classic; L: Cable: X of Swords; M: War Machine: Invincible Iron Man,,speed,speed,2,"https://res.cloudinary.com/mff-master-guides/image/upload/c_scale,w_100/v1/mff/nickfury_uni1.png",,,,,,,,
NIGHTCRA,,Nightcrawler,Classic,Awakened,Lab Processor,Physical,dont waste gold,Proc,,,4,-,-,-,-,-,-,-,"mutant, male, super hero, , , agility, leadership",Out of the Meta ,,9,-,A: Magneto: House of X; R: Luna Snow: Andromeda Suit; H: Captain America (Sharon Rogers): Star Night Armor; L: Hyperion: Classic; M: Moon Knight: Mr. Knight,CTP not recommended,speed,speed,2,"https://res.cloudinary.com/mff-master-guides/image/upload/c_scale,w_100/v1/mff/nightcrawler_uni2.png",,,,,,,,
OKOYE,,Okoye,What If... Zombies?!,T3,SLS,Physical,-,-,3c5(d)c4 3c5(d)c4c6,,-,ENERGY,RAGE,-,-,-,-,-,"human, female, super hero, , , agility, weapons master",Out of the Meta ,,-,-,,,speed,speed,2,"https://res.cloudinary.com/mff-master-guides/image/upload/c_scale,w_100/v3/mff/okoye01.png",,,,,,,,
QUICKSIL,,Quicksilver,Mighty Avengers,T4 (T3),World Boss,Physical,offensive,Proc,4c3dc5(c6),(7)3dc5c(6dc)4,4,ENERGY,RAGE,-,ENERGY,CONQUEST+,GREED+,-,"human, male, super hero, , , fast movement, agility",Useful,🔨🧩,5,-,A: Spider-Man (Miles Morales): Anniversary Special; R: Sun Bird: Moon Temple Defenders; H: Supergiant: Dark Obsidian Armor; L: Kitty Pryde: Red Queen; M: Kraven The Hunter: Interdimensional Hunter,CTP - 3rd option Greed,speed,speed,2,"https://res.cloudinary.com/mff-master-guides/image/upload/c_scale,w_100/v1/mff/quicksilver_uni4.png",,,,,,,,
ROGUE,,Rogue,Winter Ops,T4 (T3),EQ,Physical,offensive,"Lightning, Proc",,3qc5c4(c6) 1c2,4 / 6,JUDGEMENT,AUTHORITY+,RAGE,JUDGEMENT,-,AUTHORITY+,-,"mutant, female, super hero, , , healing, fast movement",Low Meta,📆,20,-,A: Mordo: Marvel Studios' Doctor Strange 2; R: Rocket Raccoon: Marvel Studios' Guardians of the Galaxy 3; H: Sabretooth: Ultimate; L: Spider-Man 2099: Spider-Man: Across the Spider-Verse; M: Wolverine: Enter the Phoenix,needs a Judgment to work ,speed,speed,2,"https://res.cloudinary.com/mff-master-guides/image/upload/c_scale,w_100/v1/mff/rogue_uni4.png",,,,,,,,
SCARLET,,Scarlet Spider,Gift Deliverer,T4 (T3),-,-,-,-,,,-,-,-,-,-,-,-,-,"human, male, super hero, , , spider-sense, leadership, agility",-,-,-,-,A: Doctor Voodoo: Strange Academy; R: Venom: Warstar; H: Kingpin: Marvel Television's Daredevil: Born Again; L: Namor: Black Panther: Wakanda Forever; M: Quicksilver: Mighty Avengers,-,speed,speed,2,"https://res.cloudinary.com/mff-master-guides/image/upload/c_scale,w_100/v1/mff/scarletspider_uni1.png",,,,,,,,
SCORPION,,Scorpion,Marvel Studios' Spider-Man: Brand New Day,T4 (Awakened),SLS,Physical,dont waste gold,Proc,(1c2c) (6c)4dc3c5,,5,-,-,-,-,-,-,Optional,"human, male, super villain, , , pure evil, durability, poison",Useful,😈🎯,6,-,A: Taskmaster: Marvel Studios' Thunderbolts*; R: Captain Marvel: Marvel Animation's Marvel Zombies; H: Domino: Krakoa X-Force; L: Knull: Ancient History; M: Ghost: Marvel Studios' Thunderbolts*,,speed,speed,2,"https://res.cloudinary.com/mff-master-guides/image/upload/c_scale,w_100/v1/mff/scorpion01.png",,,,,,,,
SILK,,Silk,Summer Days,Awakened,SLS,Physical,offensive,Proc,3c4qc5(c6),,5,ENERGY,RAGE,-,-,-,-,-,"human, female, super hero, , , spider-sense, agility",,,7,-,A: Iceman: X-Men Blue; R: Black Widow: Marvel Studios' Avengers: Endgame; H: Cyclops: Phoenix Five; L: Ghost: Marvel Studios' Ant-Man and the Wasp; M: Odin: All-Father,(white fox or scarlet spider lead),speed,speed,2,"https://res.cloudinary.com/mff-master-guides/image/upload/c_scale,w_100/v1/mff/silk_uni2.png",,,,,,,,
SIN,,Sin,Rage Returned,T3,SLS,Physical,dont waste gold,Invincible,(6c)2dc5dc3c4,,-,-,-,-,INSIGHT,-,-,-,"human, female, super villain, , , weapons master, pure evil",Lead/Support Meta,🤝👑📆,0,-,A: Captain America: Enter the Phoenix; R: Absorbing Man: Fear Itself; H: Spider-Man: Back to Basics; L: Colossus: Phoenix Five; M: Quicksilver: Uncanny Avengers,,speed,speed,2,"https://res.cloudinary.com/mff-master-guides/image/upload/c_scale,w_100/v1/mff/sin_uni1.png",,,,,,,,
SPIDERGW,,Spider-Gwen,Spider-Man: Across the Spider-Verse,T4 (Awakened),SLS,Physical,offensive,"Proc, Invincible, GBI",,(6dc)3c4c2 5dc21,6 / 4,ENERGY,REGENERATION,ENERGY,RAGE,AUTHORITY+,GREED+,Y (PVP),"human, female, super hero, , , spider-sense, agility, leadership",Out of the Meta ,🔨,8,-,A: Emma Frost: Hellfire Gala; R: Luke Cage: Uptown Suit; H: Green Goblin: Spider-Man: No Way Home; L: Jean Grey: Dark Phoenix; M: Black Widow: Marvel Studios' Black Widow (Snow Suit),spider-woman is a good lead,speed,speed,2,"https://res.cloudinary.com/mff-master-guides/image/upload/c_scale,w_100/v1/mff/spidergwen_uni3.png",,,,,,,,
SPIDERMAN,,Spider-Man,Marvel Studios' Spider-Man: Brand New Day,T4 (T3),SS,Physical,"offensive, defensive, shield",Proc,(1c2c) 6c3c4c5,,5,DESTRUCTION+,AUTHORITY+,RAGE+,DESTRUCTION+,REGENERATION+,AUTHORITY+,Y,"human, male, super hero, , , spider-sense, leadership, symbiote",Low Meta,🔨🧩,13,-,A: White Tiger: Marvel Television's Daredevil: Born Again; R: The Thing: Marvel Studios' The Fantastic Four: First Steps; H: Domino: Marvel NOW!; L: Beta Ray Bill: Beta Ray Bill; M: Carnage: Superior Carnage,,speed,speed,2,"https://res.cloudinary.com/mff-master-guides/image/upload/c_scale,w_100/v1/mff/spiderman_uni11.png",,,,,,,,
MILES,,Spider-Man (Miles Morales),Ancient Curse,T4 (T3),SLS,Physical,offensive,"Lightning, Proc",,2c1c5c3qc4 2c1,4,JUDGEMENT,DESTRUCTION+,JUDGEMENT,DESTRUCTION+,-,-,N,"human, male, super villain, , , spider-sense, agility, leadership",Beyond Meta,👑📆☢️,12,-,A: Red Guardian: Marvel Studios' Thunderbolts*; R: Juggernaut: Fear Itself; H: Shuri: Black Panther: Wakanda Forever; L: Aero: Classic; M: Colossus: Phoenix Five,,speed,speed,2,"https://res.cloudinary.com/mff-master-guides/image/upload/c_scale,w_100/v1/mff/milesmorales_uni4.png",,,,,,,,
SPIDER2099,,Spider-Man 2099,Spider-Man: Across the Spider-Verse,T3,Bio Sub,Physical,offensive,"Proc, Invincible, GBI",2c3c4qc5(c6),,5,DESTRUCTION+,-,DESTRUCTION+,-,DESTRUCTION+,-,Optional,"human, male, super hero, , , spider-sense, leadership, agility",,,-,-,A: White Fox: Lifestyle Series 1; R: Doctor Strange: Marvel Studios' Doctor Strange 2; H: Sword Master: Classic; L: Ant-Man: Team Suit; M: Beast: All-New X-Men,,speed,speed,2,"https://res.cloudinary.com/mff-master-guides/image/upload/c_scale,w_100/v1/mff/spiderman2099_uni2.png",,,,,,,,
SPOT,,Spot,Spider-Man: Across the Spider-Verse,Awakened,Bio Sub,Physical,offensive,"Proc, Invincible, GBI",(6c)3c4c5,,5 / 4,-,-,-,-,AUTHORITY+,-,Y (PVP),"human, male, super villain, , , fast movement, pure evil",Out of the Meta ,,3,-,,,speed,speed,2,"https://res.cloudinary.com/mff-master-guides/image/upload/c_scale,w_100/v1/mff/spot01.png",,,,,,,,
SQUIRREL,,Squirrel Girl,Nutty Titan,T3,SS,Physical,offensive,Invincible,5c4c3(c6),,3,-,-,DESTRUCTION+,INSIGHT,INSIGHT,-,Optional,"human, female, super villain, , , agility, pure evil, power cosmic",Out of the Meta ,🤝,1,-,A: Deadpool: Lady Deadpool; R: Black Widow: Marvel Studios' Black Widow; H: Thor: Marvel Studios' Thor: Love and Thunder; L: Carnage: Fallen Soul; M: Ikaris: Marvel Studios' Eternals,,speed,speed,2,"https://res.cloudinary.com/mff-master-guides/image/upload/c_scale,w_100/v1/mff/squirrelgirl_uni2.png",,,,,,,,
SUNBIRD,,Sun Bird,Moon Temple Defenders,Awakened,-,-,-,-,,,-,-,-,-,-,-,-,-,"human, male, super hero, , , warriors of the sky, agility, flame",-,-,-,-,A: Shang-Chi: Marvel Studios' Shang-Chi; R: Sif: Asgard Invasion; H: Colossus: Hellfire Gala; L: Doctor Doom: 3099; M: Carnage: Absolute Carnage,-,speed,speed,2,"https://res.cloudinary.com/mff-master-guides/image/upload/c_scale,w_100/v1/mff/sunbird_uni1.png",,,,,,,,
VIPER,,Viper,Modern,FALSE,SLS,Physical,dont waste gold,"Poison, Proc",5,,-,-,-,-,-,-,-,-,"human, female, super villain, , , poison, pure evil",Out of the Meta ,👑,0,-,,,speed,speed,2,"https://res.cloudinary.com/mff-master-guides/image/upload/c_scale,w_100/v1/mff/viper01.png",,,,,,,,
VULTURE,,Vulture,Spider-Man: Homecoming,Awakened,SS,Physical,dont waste gold,Proc,5,,5,RAGE,ENERGY,-,-,-,-,N,"human, male, super villain, , , fast movement, agility, sinister six",Out of the Meta ,,9,-,A: Captain America (Sharon Rogers): Star Light Armor; R: Venom: Secret Wars: Marvel Zombies; H: Falcon: Marvel Studios' Captain America: Civil War; L: Quake: Modern; M: Black Widow: Marvel Studios' Captain America: Civil War,but why?,speed,speed,2,"https://res.cloudinary.com/mff-master-guides/image/upload/c_scale,w_100/v1/mff/vulture_uni1.png",,,,,,,,
WAVE,,Wave,Classic,Awakened,HQ,Energy,offensive,Invincible,4c5,,5,INSIGHT,-,INSIGHT,-,-,-,N,"human, female, super hero, , , heightened senses, agility",Lead/Support Gods,🤝👑,15,-,A: Bullseye: Dark Avengers; R: Invisible Woman: Classic; H: Star-Lord: Grounded; L: Ebony Maw: Marvel Studios' Avengers: Infinity War; M: X-23: All-New Wolverine,,speed,speed,2,"https://res.cloudinary.com/mff-master-guides/image/upload/c_scale,w_100/v1/mff/wave_uni1.png",,,,,,,,
WHITEFOX,,White Fox,Agent F-One,T4 (T3),HQ,Physical,dont waste gold,Proc,(1c2c) 3c4qc5 5c3c4qc6,(1c2c) 3dc4qc5(c6),3,INSIGHT,-,INSIGHT,-,INSIGHT,-,N,"human, female, super hero, , , agility, agent, leadership",Lead/Support Meta,🤝,15,-,A: Hulkbuster: Celestial Hulkbuster; R: Venom: Warstar; H: Red Hulk: Marvel Studios' Captain America: Brave New World; L: Daken: Dark Wolverine; M: Quicksilver: Mighty Avengers,,speed,speed,2,"https://res.cloudinary.com/mff-master-guides/image/upload/c_scale,w_100/v1/mff/whitefox_uni2.png",,,,,,,,
BUCKY,,Winter Soldier,Marvel Studios' Thunderbolts*,T4 (T3),SS,Physical,offensive,Proc,,(6qc)1c3dc5c4dc21,4,ENERGY,RAGE,RAGE,-,-,AUTHORITY+,-,"human, male, super hero, , , weapons master, leadership, thunderbolts",Low Meta,👑,9,-,A: Angel: All-New X-Men; R: Luna Snow: Light Sirius Armor; H: Wolverine: Marvel Studios' Deadpool & Wolverine; L: Human Torch: The Fall of the Fantastic Four; M: Captain America: What If... Zombies?!,leadership only on FatWS uni,speed,speed,2,"https://res.cloudinary.com/mff-master-guides/image/upload/c_scale,w_100/v1/mff/wintersoldier_uni4.png",,,,,,,,
WONG,,Wong,What If... Zombies?!,T4 (T3),EQ,Physical,offensive,Invincible,,1c2c3qc5c4,4,AUTHORITY,ENERGY,-,INSIGHT,-,AUTHORITY+,N,"human, male, super villain, , , weapons master, magic, zombie",Useful,🤝🔨,11,-,A: Iceman: X-Men Blue; R: Captain Marvel: Marvel Studios' The Marvels; H: Nightcrawler: X-Force; L: Ebony Maw: General's Hand; M: Ronan: Annihilators,,speed,speed,2,"https://res.cloudinary.com/mff-master-guides/image/upload/c_scale,w_100/v3/mff/wong_uni3.png",,,,,,,,
X23,,X-23,Target X,T4 (Awakened),Lab Processor,Physical,offensive,Proc,(6qc)4qc3c5,,5,RAGE,REGENERATION,-,RAGE,-,REGENERATION+,-,"mutant, female, super hero, , , agility, healing",Useable,🔨🧩,14,-,A: Spider-Gwen: Spider-Man: Across the Spider-Verse; R: Hela: Marvel Studios' What If...?; H: Professor X: Quiet Council; L: Luna Snow: Light Sirius Armor; M: Scarlet Witch: Marvel Studios' Doctor Strange 2,long skils/animations; hard to combo skills,speed,speed,2,"https://res.cloudinary.com/mff-master-guides/image/upload/c_scale,w_100/v1/mff/x23_uni3.png",,,,,,,,
YELENA,,Yelena Belova,Marvel Studios' Thunderbolts*,T4 (Awakened),Bio Sub,Physical,"offensive, defensive, shield",Proc,,,4 / 6,ENERGY,AUTHORITY,-,-,AUTHORITY+,-,-,"human, female, super hero, , , agility, agent, thunderbolts",Useable,,11,-,A: Beast: All-New X-Men; R: Doctor Strange: What If... Zombies?!; H: Doctor Octopus: Ends of the Earth; L: Maya Lopez (Echo): Marvel Studios' Echo; M: Spider-Man: The Symbiote Suit,uni buffed in recent update,speed,speed,2,"https://res.cloudinary.com/mff-master-guides/image/upload/c_scale,w_100/v1/mff/yelenabelova_uni2.png",,,,,,,,
YONDU,,Yondu,Summer Vacation,T3,SS,Physical,dont waste gold,Proc,3c4dc5(c6),,5,-,-,-,-,-,-,-,"alien, male, super hero, , , command, weapons master",Lead/Support Meta,📆🤝,0,-,A: Rocket Raccoon: Marvel Studios' Guardians of the Galaxy 3; R: Doctor Octopus: Spider-Man: No Way Home; H: Angel: All-New X-Men; L: Spider-Woman: Spider-Man: Across the Spider-Verse; M: Doctor Strange: Marvel Studios' Doctor Strange 2,,speed,speed,2,"https://res.cloudinary.com/mff-master-guides/image/upload/c_scale,w_100/v1/mff/yondu_uni2.png",,,,,,,,
ANGELA,,Angela,Asgard's Assassin,Awakened,SLS,Physical,offensive,Mini-Rage,3c4dc(6c)5,,3 / 5,-,-,INSIGHT,-,-,-,N,"alien, female, super hero, , , weapons master",Out of the Meta ,🤝,11,-,A: Yelena Belova: Marvel Studios' Black Widow (Snow Suit); R: Captain Britain: Hellfire Gala; H: Corvus Glaive: Marvel Studios' Avengers: Infinity War; L: Sersi: Marvel Studios' Eternals; M: Spider-Man: Spider-Man: Far From Home,,universal,universal,3,"https://res.cloudinary.com/mff-master-guides/image/upload/c_scale,w_100/v1/mff/angela_uni3.png",,,,,,,,
ANTIMAN,,Anti-Man,Ultimates,T3,Lab Processor,Energy,dont waste gold,Proc,,,4,-,-,-,-,-,-,-,"human, male, super villain, , , fast movement, energy projection",Out of the Meta ,👑🔨,0,-,A: Star-Lord: Marvel Studios' Guardians of the Galaxy 3; R: Emma Frost: Hellfire Gala; H: War Tiger: Moon Temple Defenders; L: Black Dwarf: Dark Obsidian Armor; M: Spider-Woman: Spider-Man: Across the Spider-Verse,,universal,universal,3,"https://res.cloudinary.com/mff-master-guides/image/upload/c_scale,w_100/v1/mff/antiman_uni1.png",,,,,,,,
BETARAYB,,Beta Ray Bill,Beta Ray Bill,T4 (Awakened),EQ,Energy,offensive,"Fire, Proc",(6c)4dc3c5,,-,ENERGY,JUDGEMENT,ENERGY,JUDGEMENT,-,-,-,"alien, male, super hero, , , flame, leadership, annihilators",Lead/Support Gods,👑🤝,12,-,A: Spider-Man: Back to Basics; R: She-Hulk: Marvel Studios' She-Hulk: Attorney at Law; H: Doctor Octopus: Ends of the Earth; L: Enchantress: War of the Realms; M: Jean Grey: Dark Phoenix,,universal,universal,3,"https://res.cloudinary.com/mff-master-guides/image/upload/c_scale,w_100/v1/mff/betaraybill_uni1.png",,,,,,,,
BLACKBOL,,Black Bolt,Fallen Soul,T4 (T3),SS,Energy,offensive,Proc,1c2c3c5c4 3c5c4c6,3c5dc4 1c2,4 / 6,RAGE,ENERGY,RAGE, ENERGY,DESTRUCTION+,-,Optional,"inhuman, male, super villain, , , fast movement, energy projection",Useable,👑📆🎯,13,-,A: Loki: Marvel Studios' Loki (TVA Suit); R: Baron Zemo: Marvel Studios' The Falcon and the Winter Soldier; H: Cyclops: Marvel NOW!; L: Scarlet Witch: Marvel Studios' Doctor Strange 2; M: Iron Fist: The Living Weapon,,universal,universal,3,"https://res.cloudinary.com/mff-master-guides/image/upload/c_scale,w_100/v1/mff/blackbolt_uni4.png",,,,,,,,
BDWARF,,Black Dwarf,Dark Obsidian Armor,Awakened,World Boss,Physical,offensive,Proc,(6dc1c)5c4c 3,,3,ENERGY,RAGE,-,-,AUTHORITY+,-,-,"alien, male, super villain, , , strong, durability, black order",Out of the Meta ,🤝,12,-,"A: She-Hulk: Avengers; R: Beast: Uncanny X-Men; H: Crescent: Lifestyle Series 1; L: Captain America (Sharon Rogers): Star Night Armor; M: Scarlet Witch: All-New, All-Different",,combat,universal,3,"https://res.cloudinary.com/mff-master-guides/image/upload/c_scale,w_100/v1/mff/blackdwarf_uni2.png",,,,,,,,
BLUEMARV,,Blue Marvel,Classic,T3,Lab Processor,Energy,"defensive, shield",Proc,3c5c4 3c4c5c6,,4,REGENERATION+,AUTHORITY,-,-,REGENERATION,AUTHORITY+,-,"human, male, super hero, , , leadership, energy projection",Out of the Meta ,🤝🔨,12,-,A: Blade: Avengers; R: Emma Frost: Phoenix Five; H: Thanos: Marvel Studios' Avengers: Endgame; L: Captain America: Hydra Supreme; M: Minn-Erva: Marvel Studios' Captain Marvel,,universal,universal,3,"https://res.cloudinary.com/mff-master-guides/image/upload/c_scale,w_100/v1/mff/bluemarvel_uni1.png",,,,,,,,
CAPTMARV,,Captain Marvel,Marvel Animation's Marvel Zombies,T4 (T3),SS,Energy,offensive,Proc,,,4,RAGE,GREED+,RAGE,-,DESTRUCTION+,AUTHORITY+,-,"human, female, super villain, , , zombie, leadership, energy projection",Useable,👑🔨,9,-,A: Makkari: Marvel Studios' Eternals; R: Winter Soldier: Marvel Studios' Thunderbolts*; H: Angel: All-New X-Men; L: Groot: Marvel Studios' Guardians of the Galaxy 3; M: Infinity Ultron: Marvel Studios' What If...?,becomes villian with Last Avengers uni,universal,universal,3,"https://res.cloudinary.com/mff-master-guides/image/upload/c_scale,w_100/v1/mff/captainmarvel_uni6.png",,,,,,,,
CLEA,,Clea,Modern,Awakened,"EQ, Bio Sub",Energy,dont waste gold,Invincible,,,4,-,-,-,-,-,-,N,"alien, female, super hero, , , magic, fast movement",,,8,-,,,universal,universal,3,"https://res.cloudinary.com/mff-master-guides/image/upload/c_scale,w_100/v1/mff/clea01.png",,,,,,,,
CORVUS,,Corvus Glaive,Dark Obsidian Armor,Awakened,World Boss,Physical,"offensive, shield",Invincible,(6dc)5qc4,(6dc)5qc3dc42,4,RAGE,ENERGY,-,-,DESTRUCTION+,-,-,"alien, male, super villain, , , agility, fast movement, black order",Out of the Meta ,,18,-,A: Sentinel: Nimrod The Lesser; R: Thor: Herald of Thunder; H: Red Hulk: Symbiote of Vengeance; L: Jean Grey: Marvel Girl; M: Invisible Woman: Future Foundation,"rotation w/ new uni; proc friendly; 3 has heal, ADD; ABX best game mode?",speed,universal,3,"https://res.cloudinary.com/mff-master-guides/image/upload/c_scale,w_100/v1/mff/corvusglaive_uni2.png",,,,,,,,
DESTROYER,,Destroyer,The Mighty Thor,T4 (Awakened),SLS,Energy,shield,Invincible,(6c)3c4,,-,REGENERATION+,REFINEMENT+,-,-,REFINEMENT+,REGENERATION,Y (PVP),"creature, neutral, neutral, , , energy projection, machine",Useful,🤝🔨🧩,9,-,A: Ghost Rider: Savage Avengers; R: Spider-Man 2099: Spider-Man: Across the Spider-Verse; H: Thor: All-Father Reborn; L: Scarlet Witch: Scarlet Witch; M: X-23: Target X,,universal,universal,3,"https://res.cloudinary.com/mff-master-guides/image/upload/c_scale,w_100/v1/mff/destroyer_uni1.png",,,,,,,,
DOOM,,Doctor Doom,God Emperor,T4 (T3),EQ,Energy,"offensive, defensive, shield",Proc,,2(d)c3c5qc(6qc)4,4 / 6,AUTHORITY+,-,-,-,AUTHORITY+,-,-,"human, male, super villain, , , pure evil, magic",Low Meta,👑🔨,8,-,A: Doctor Octopus: Ends of the Earth; R: Yelena Belova: Marvel Studios' Black Widow; H: Gamora: Marvel Studios' Guardians of the Galaxy 3; L: Heimdall: Asgard Invasion; M: Doctor Strange: Death of Doctor Strange,can work with a proc; needs to accumulate for big big damage,universal,universal,3,"https://res.cloudinary.com/mff-master-guides/image/upload/c_scale,w_100/v1/mff/doctordoom_uni2.png",,,,,,,,
DRVOODOO,,Doctor Voodoo,Savage Avengers,T4 (Awakened),SLS,Energy,dont waste gold,Proc,(6c)3c4c5,,-,-,-,-,-,-,-,-,"human, male, super hero, , , magic, command",Lead/Support Gods,👑🤝🔨,1,-,A: Punisher: Marvel Television's Daredevil: Born Again; R: Angela: Asgard's Assassin; H: X-23: Target X; L: Nick Fury: Marvel Studios' The Marvels; M: Stryfe: Classic,,universal,universal,3,"https://res.cloudinary.com/mff-master-guides/image/upload/c_scale,w_100/v1/mff/doctorvoodoo_uni1.png",,,,,,,,
DORMAMMU,,Dormammu,Damnation,T3,Crystal Purchase,Energy,"defensive, shield","Fire, Proc",3c5,,5,JUDGEMENT,INSIGHT,-,-,AUTHORITY+,-,-,"other, male, super villain, , , magic, pure evil",Out of the Meta ,👑,19,-,A: Crossbones: Secret Empire; R: Jean Grey: X-Men Red; H: Invisible Woman: Future Foundation; L: Cable: Cable & Deadpool; M: Red Guardian: Marvel Studios' Black Widow,,universal,universal,3,"https://res.cloudinary.com/mff-master-guides/image/upload/c_scale,w_100/v1/mff/dormammu_uni1.png",,,,,,,,
EBONYMAW,,Ebony Maw,General's Hand,T4 (T3),World Boss,Energy,offensive,Invincible,,,5 / 6,JUDGEMENT,-,INSIGHT,JUDGEMENT,AUTHORITY+,INSIGHT,-,"alien, male, super villain, , , pure evil, mind resist, black order",Lead/Support Gods,👑🤝🔨,15,-,A: Thor (Jane Foster): Marvel Studios' Thor: Love and Thunder; R: Punisher: Fist of the Beast; H: Emma Frost: Phoenix Five; L: Agent Venom: Classic; M: Scarlet Witch: Marvel Studios' Doctor Strange 2,good for pvp and pve with new uni? T3 does full elemental damage,blast,universal,3,"https://res.cloudinary.com/mff-master-guides/image/upload/c_scale,w_100/v1/mff/ebonymaw_uni2.png",,,,,,,,
EXODUS,,Exodus,Modern,Awakened,EQ,Energy,offensive,-,3c5dc4,,-,INSIGHT,-,-,-,INSIGHT,-,N,"mutant, male, super hero, , , energy projection, command",Useable,👑🤝🔨,0,-,,,universal,universal,3,"https://res.cloudinary.com/mff-master-guides/image/upload/c_scale,w_100/v1/mff/exodus01.png",,,,,,,,
FRANKLIN,,Franklin Richards,Modern,Awakened,Crystal Purchase,Energy,offensive,-,(6c)3c4c5,,-,INSIGHT,-,-,-,-,-,Y,"human, male, super hero, , , energy projection, mind, fantastic four",Lead/Support Gods,🤝🔨🧩,-,-,,,universal,universal,3,"https://res.cloudinary.com/mff-master-guides/image/upload/c_scale,w_100/v1/mff/franklinrichards01.png",,,,,,,,
GALACTUS,,Galactus,Modern,T4 (T3),,,,,,,,,,,,,,,"alien, male, super villain, , , power cosmic, pure evil",,,,,,,universal,universal,3,,,,,,,,,
GHOSTPAN,,Ghost Panther,Infinity Warps,Awakened,Bio Sub,Physical,dont waste gold,Fire,3c5,,3,INSIGHT,-,INSIGHT,-,INSIGHT,-,N,"human, male, super hero, , , agility, flame, infinity warps",,,4,-,,,universal,universal,3,"https://res.cloudinary.com/mff-master-guides/image/upload/c_scale,w_100/v1/mff/ghostpanther01.png",,,,,,,,
GHOSTRID,,Ghost Rider,Savage Avengers,T4 (T3),SS,Energy,offensive,"Fire, Proc",,(7c6dc)1c2c3dc5c4,5 / 3,JUDGEMENT,RAGE,RAGE, JUDGEMENT,GREED+,CONQUEST+,-,"human, male, super hero, , , leadership, flame",High Meta,🧩🔨,18,-,A: Hulk: Titan; R: Wong: What If... Zombies?!; H: Sabretooth: Ultimate; L: Elektra: Elektra; M: Apocalypse: Heralds of Apocalypse,,universal,universal,3,"https://res.cloudinary.com/mff-master-guides/image/upload/c_scale,w_100/v1/mff/ghostrider_uni4.png",,,,,,,,
ROBBIERE,,Ghost Rider (Robbie Reyes),Lord of Vengeance,Awakened,SLS,Energy,offensive,"Fire, Proc",(6c)3dc5,,5,JUDGEMENT,INSIGHT,RAGE, JUDGEMENT,INSIGHT,-,Support,"human, male, super hero, , , fast movement, flame",Out of the Meta ,🤝🧩,24,-,A: Black Dwarf: Dark Obsidian Armor; R: Magneto: House of X; H: Moon Knight: Mr. Knight; L: Loki: Marvel Studios' Loki (TVA Suit); M: Thena: Marvel Studios' Eternals,,universal,universal,3,"https://res.cloudinary.com/mff-master-guides/image/upload/c_scale,w_100/v1/mff/robbiereyes_uni1.png",,,,,,,,
GORR,,Gorr,The God Butcher,T4 (T3),World Boss,Physical,offensive,Proc,(1c2c) 4dc3c5 5c4dc3c6,,5 / 6,AUTHORITY+,-,-,-,AUTHORITY+,REGENERATION+,Y,"alien, male, super villain, , , healing, pure evil, symbiote",Beyond Meta,🔨👑,12,-,A: Winter Soldier: Revolution; R: America Chavez: Young Avengers; H: Bullseye: Wastelanders; L: Magik: Marvel Rivals; M: Doctor Doom: God Emperor,,universal,universal,3,"https://res.cloudinary.com/mff-master-guides/image/upload/c_scale,w_100/v1/mff/gorr01.png",,,,,,,,
HADES,,Hades (Pluto),Modern,T4 (T3),,,,,,6c5c4c1qc3 1qc2,,,,,,,,,"alien, male, super villain, , , hellfire, pure evil, olympus",,,,,,,universal,universal,3,,,,,,,,,
HEIMDALL,,Heimdall,Asgard Invasion,Awakened,SLS,Physical,"defensive, shield",Proc,4c5 (6dc)4c5,,5 / 6,RAGE,AUTHORITY,RAGE,DESTRUCTION+,AUTHORITY+,CONQUEST+,Y,"alien, male, super hero, , , strong, leadership",Out of the Meta ,👑,10,-,A: Ronan: Marvel Studios' Captain Marvel; R: Baron Zemo: Marvel Studios' The Falcon and the Winter Soldier; H: Black Bolt: Marvels X; L: America Chavez: Classic; M: Supergiant: Dark Obsidian Armor,CTP not recommended,universal,universal,3,"https://res.cloudinary.com/mff-master-guides/image/upload/c_scale,w_100/v1/mff/heimdall_uni1.png",,,,,,,,
HELA,,Hela,Marvel Studios' What If...?,T4 (T3),SS,Energy,"offensive, defensive, shield",Invincible,3c4c5 3c4c5c6,,5 / 6,DESTRUCTION+,INSIGHT,DESTRUCTION+,INSIGHT,REGENERATION+,AUTHORITY+,Y,"alien, female, super villain, , , command, pure evil",Low Meta,🤝👑🔨🧩,17,-,A: Shuri: Black Panther: Wakanda Forever; R: Ikaris: Marvel Studios' Eternals; H: Kraven The Hunter: Interdimensional Hunter; L: Iceman: X-Men Blue; M: Adam Warlock: Marvel Studios' Guardians of the Galaxy 3,,universal,universal,3,"https://res.cloudinary.com/mff-master-guides/image/upload/c_scale,w_100/v1/mff/hela_uni3.png",,,,,,,,
HELLSTORM,,Hellstorm,TVA,T4 (Awakened),SLS,Energy,offensive,"Proc, Fire",,,5,-,-,JUDGEMENT,RAGE,-,-,-,"human, male, super hero, , , magic, flame",Useable,,0,-,A: Malekith: War of the Realms; R: Captain America (Sharon Rogers): Poseidon Armor; H: Mystique: Hellfire Gala; L: Rescue: Invincible Iron Man; M: Quicksilver: Mighty Avengers,,universal,universal,3,"https://res.cloudinary.com/mff-master-guides/image/upload/c_scale,w_100/v1/mff/hellstorm01.png",,,,,,,,
HYPERION,,Hyperion,Enter the Phoenix,T3,Bio Sub,Energy,offensive,Proc,3dc5 3dc5,,5 / 4,RAGE,INSIGHT,-,INSIGHT,-,-,N,"alien, male, super hero, , , leadership, eternals, phoenix force",Out of the Meta ,👑,17,-,A: Thor: Herald of Thunder; R: Captain America: Hydra Supreme; H: Proxima Midnight: Dark Obsidian Armor; L: Blade: Avengers; M: Iceman: X-Men Blue,,universal,universal,3,"https://res.cloudinary.com/mff-master-guides/image/upload/c_scale,w_100/v1/mff/hyperion_uni2.png",,,,,,,,
IKARIS,,Ikaris,Marvel Studios' Eternals,T3,Bio Sub,Energy,"defensive, shield",Invincible ,2c3c4c5(c6),2c3c5dc4 2c3c4c5dc6,4 / 6,REGENERATION+,INSIGHT,-,INSIGHT,INSIGHT, AUTHORITY+,N,"alien, male, super hero, , , energy projection, leadership, eternals",,,13,-,A: Iron Man: Superior Iron Man; R: Yelena Belova: Marvel Studios' Black Widow; H: Red Hulk: Symbiote of Vengeance; L: Deadpool: 30th Anniversary Black Version; M: Moon Knight: Mr. Knight,,universal,universal,3,"https://res.cloudinary.com/mff-master-guides/image/upload/c_scale,w_100/v1/mff/ikaris_uni1.png",,,,,,,,
IRONHAMM,,Iron Hammer,Infinity Warps,Awakened,SLS,Energy,dont waste gold,"Lightning, Proc",5c432,,4,JUDGEMENT,-,-,-,-,-,N,"alien, male, super hero, , , machine, shock, infinity warps",Out of the Meta ,👑,14,-,,,universal,universal,3,"https://res.cloudinary.com/mff-master-guides/image/upload/c_scale,w_100/v1/mff/ironhammer01.png",,,,,,,,
KANG,,Kang the Conqueror,Rama-Tut,T4 (T3),World Boss,Energy,offensive,Proc,,,4 / 6,ENERGY,DESTRUCTION+,-,ENERGY,AUTHORITY+,CONQUEST+,Optional,"human, male, super villain, , , pure evil, fast movement",Beyond Meta,👑🔨🧩☢️,1,-,A: War Machine: Invincible Iron Man; R: Captain America (Sam Wilson): Marvel Studios' Captain America: Brave New World; H: Star-Lord: Marvel Studios' Guardians of the Galaxy 3; L: Magik: Marvel Rivals; M: Doctor Doom: God Emperor,,universal,universal,3,"https://res.cloudinary.com/mff-master-guides/image/upload/c_scale,w_100/v1/mff/kang01.png",,,,,,,,
KNULL,,Knull,Ancient History,T4 (T3),World Boss,Physical,offensive,Mini-rage,,,2 / 6,ENERGY,DESTRUCTION+,COMPETITION+,GREED+,CONQUEST+,GREED+,Y,"alien, male, super villain, , , symbiote, strong, pure evil",Beyond Meta,👑🔨😈☢️,12,-,A: Doctor Voodoo: Strange Academy; R: The Thing: The Fall of the Fantastic Four; H: Angel: All-New X-Men; L: Wenwu: Marvel Studios' What If...?; M: Scarlet Witch: Scarlet Witch,or DESTRUCTION+,universal,universal,3,"https://res.cloudinary.com/mff-master-guides/image/upload/c_scale,w_100/v1/mff/knull_uni1.png",,,,,,,,
LOKI,,Loki,Young Avengers,T4 (T3),SS,Energy,offensive,Proc,,3c5c4c1dc(6)21,4,RAGE,DESTRUCTION+,RAGE,-,-,DESTRUCTION+,-,"alien, male, super hero, , , mind, chill, young avengers",High Meta,,20,-,A: Winter Soldier: Revolution; R: Ghost Rider (Robbie Reyes): Lord of Vengeance; H: Domino: Krakoa X-Force; L: Nick Fury: Marvel Studios' The Marvels; M: Gladiator: Thanos: The Infinity Revelation,,universal,universal,3,"https://res.cloudinary.com/mff-master-guides/image/upload/c_scale,w_100/v1/mff/loki_uni7.png",,,,,,,,
MARVELBOY,,Marvel Boy,Young Avengers,T3,,,,,1c2c 5dc3dc4(c6),,,,,,,,,,"alien, male, super hero, , , fast movement, young avengers",,,,,,,universal,universal,3,,,,,,,,,
MEDUSA,,Medusa,Ancient Curse,T4 (Awakened),SLS,Physical,offensive,Proc,1c2c 3c5c4 4c3c5c6,1c2c 3dc5c4,6 / 5,RAGE,INSIGHT,INSIGHT,-,-,-,-,"inhuman, female, super hero, , , command",,,11,-,A: Gilgamesh: Marvel Studios' Eternals; R: Invisible Woman: The Fall of the Fantastic Four; H: Beast: All-New X-Men; L: Ghost: Marvel Studios' Thunderbolts*; M: Carnage: Fallen Soul,,universal,universal,3,"https://res.cloudinary.com/mff-master-guides/image/upload/c_scale,w_100/v1/mff/medusa_uni2.png",,,,,,,,
MOLECULE,,Molecule Man,Modern,T3,EQ,Energy,"defensive, shield","Invincible, GBI",4dc5,,6,REGENERATION+,GREED+,-,-,REGENERATION+, AUTHORITY+,-,"human, male, super villain, , , fast movement, energy projection",Lead/Support Gods,👑🧩🔨,12,-,,,universal,universal,3,"https://res.cloudinary.com/mff-master-guides/image/upload/c_scale,w_100/v1/mff/moleculeman01.png",,,,,,,,
MORGANLE,,Morgan le Fay,Fallen Soul,T3,SLS,Energy,"offensive defensive, shield",Proc,4dc2qc1qc5qc3 5c3c4dc2qc6,,3,RAGE,ENERGY,INSIGHT,-,INSIGHT,-,N,"human, female, super villain, , , magic, pure evil",Lead/Support Meta,🤝📆,5,-,A: Spider-Man: Spider-Man: No Way Home (Integrated Suit); R: Black Dwarf: Dark Obsidian Armor; H: Gamora: Requiem; L: Hulkbuster (Iron Man Mark 44): 3099; M: Mister Sinister: Hellfire Gala,needs Ignore Dodge,universal,universal,3,"https://res.cloudinary.com/mff-master-guides/image/upload/c_scale,w_100/v1/mff/morganlefay_uni1.png",,,,,,,,
NOVARICH,,Nova (Richard Rider),Marvel Cosmic Invasion,T4 (Awakened),EQ,Energy,dont waste gold,"Proc, Mini-Rage",(6c)3c5qc4,,4 / 5,-,-,-,INSIGHT,-,-,-,"human, male, super hero, , , energy projection, leadership",,,0,-,A: Human Torch: Marvel Studios' The Fantastic Four: First Steps; R: Black Panther: King Without a Crown; H: Nicepool: Marvel Studios' Deadpool & Wolverine; L: Sabretooth: Ultimate; M: Agent Venom: Classic,,universal,universal,3,"https://res.cloudinary.com/mff-master-guides/image/upload/c_scale,w_100/v1/mff/novarichard01.png",,,,,,,,
NOVASAM,,Nova (Sam Alexander),"All-New, All-Different",Awakened,Lab Processor,Energy,"defensive, shield",Proc,3c5c2,,3,-,-,-,-,-,AUTHORITY+,N,"human, male, super hero, , , fast movement, energy projection",Out of the Meta ,🔨🧩,6,-,,,universal,universal,3,"https://res.cloudinary.com/mff-master-guides/image/upload/c_scale,w_100/v1/mff/novasam01.png",,,,,,,,
ODIN,,Odin,Lord of Asgard,T4 (T3),Crystal Purchase,Energy,offensive,Proc,,(6c)1c2c3c5c4,5 / 4,RAGE,AUTHORITY+,JUDGEMENT,RAGE,AUTHORITY+,-,Optional,"alien, male, super hero, , , command, energy projection",High Meta,👑😈☢️,10,-,A: Hawkeye (Kate Bishop): Young Avengers; R: Kingpin: Marvel Television's Daredevil: Born Again; H: Storm: Marvel Animation's X-Men '97; L: Agent Venom: Guardians of the Galaxy; M: Thanos: Thanos Wins,,universal,universal,3,"https://res.cloudinary.com/mff-master-guides/image/upload/c_scale,w_100/v1/mff/odin_uni2.png",,,,,,,,
PHYLAVELL,,Phyla-Vell,Marvel Cosmic Invasion,T4 (Awakened),"EQ, Bio Sub",Energy,dont waste gold,Proc,(1c2c) (6c)3dc4c5,,5,INSIGHT,-,INSIGHT,-,-,-,-,"alien, female, super hero, , , energy projection, leadership",Useful,🤝😈☢️,0,-,A: Doctor Voodoo: Savage Avengers; R: Mister Sinister: Hellfire Gala; H: M.O.D.O.K.: Ant-Man and the Wasp: Quantumania; L: Wasp: Ant-Man and the Wasp: Quantumania; M: Deadpool: Marvel Studios' Deadpool & Wolverine,,universal,universal,3,"https://res.cloudinary.com/mff-master-guides/image/upload/c_scale,w_100/v1/mff/phylavell01.png",,,,,,,,
PROXIMA,,Proxima Midnight,Dark Obsidian Armor,T3,World Boss,Energy,offensive,Proc,5dc3dc4; 5dc3dc4; 2c 5dc3dc4,,4,ENERGY+,INSIGHT,-,INSIGHT,AUTHORITY+,INSIGHT,-,"alien, female, super villain, , , agility, fast movement, black order",Lead/Support Gods,👑🤝🎯,8,-,A: Punisher: Cosmic Ghost Rider; R: Odin: All-Father; H: Magneto: House of X; L: Iron Man: Marvel Studios' Avengers: Endgame; M: Valkyrie: Fearless Defenders,,universal,universal,3,"https://res.cloudinary.com/mff-master-guides/image/upload/c_scale,w_100/v1/mff/proximamidnight_uni2.png",,,,,,,,
QUASARAVRIL,,Quasar (Avril Kincaid),Classic,Awakened,Bio Sub,Energy,"offensive, defensive",Invincible,5dc3c4,,5 / 6,ENERGY,-,-,ENERGY,-,-,-,"human, female, super hero, , , heightened senses, energy projection",-,,10,-,A: Ghost Rider: King of Hell; R: Agent Venom: Agent Anti-Venom; H: Spider-Man (Miles Morales): Absolute Carnage; L: Gambit: Excalibur; M: Quicksilver: Uncanny Avengers,"energy attack, but does physical damage on most skills",universal,universal,3,"https://res.cloudinary.com/mff-master-guides/image/upload/c_scale,w_100/v1/mff/quasar_uni1.png",,,,,,,,
QUASARWEN,,Quasar (Wendell Vaughn),Modern,Awakened,Bio Sub,Energy,offensive,-,(6c)3c5c4,,-,ENERGY,-,-,ENERGY,AUTHORITY+,-,-,"human, male, super hero, , , energy projection, fast movement, annihilators",Out of the Meta ,👑🤝,-,-,,,universal,universal,3,"https://res.cloudinary.com/mff-master-guides/image/upload/c_scale,w_101/v1/mff/quasarwendellvaughn01.png",,,,,,,,
RONAN,,Ronan,Annihilators,T3,SS,Energy,dont waste gold,Proc,4dc3c5(c6),,5 / 6,-,-,INSIGHT,RAGE,-,-,-,"alien, male, super hero, , , mind resist, command, annihilators",,,0,-,A: Captain America (Sharon Rogers): Poseidon Armor; R: Spider-Man (Miles Morales): Spider-Man: Across the Spider-Verse; H: Doctor Voodoo: Strange Academy; L: Valkyrie: Marvel Studios' Thor: Love and Thunder; M: Doctor Strange: Death of Doctor Strange,,universal,universal,3,"https://res.cloudinary.com/mff-master-guides/image/upload/c_scale,w_100/v1/mff/ronan_uni3.png",,,,,,,,
SATANA,,Satana,Ascended One,Awakened,"EQ, Bio Sub",Energy,dont waste gold,"Fire, Proc",(6c)4c3c5,,4,-,-,INSIGHT,ENERGY,-,-,-,"human, female, super hero, , , magic, flame",Lead/Support Meta,🤝👑📆,0,-,A: Arachknight: Arachknight 2099; R: Scream: Silence; H: Black Panther: Marvel Studios' Black Panther: Wakanda Forever; L: Luna Snow: Light Sirius Armor; M: Adam Warlock: Infinity Countdown,,universal,universal,3,"https://res.cloudinary.com/mff-master-guides/image/upload/c_scale,w_100/v1/mff/satana_uni2.png",,,,,,,,
SENTINEL,,Sentinel,Stark Sentinels Mk II,T4 (T3),Bio Sub,Energy,dont waste gold,Proc,,,5,-,-,-,-,-,-,-,"other, neutral, super villain, , , machine, pure evil",,,0,-,A: Juggernaut: Savage Avengers; R: Ant-Man: Ant-Man and the Wasp: Quantumania; H: Sentry: Merged; L: Super Nova Nebula: Marvel Studios' What If...?; M: Hawkeye: Wastelanders,,universal,universal,3,,,,,,,,,
SENTRY,,Sentry,Marvel Studios' Thunderbolts*,T4 (T3),EQ,Energy,"offensive, shield",Proc,,,4 / 6,GREED+,REGENERATION+,ENERGY,RAGE,CONQUEST+,GREED+,-,"human, male, super hero, , , leadership, energy projection",Beyond Meta,👑🔨☢️,13,-,A: Carnage: Superior Carnage; R: Venom: Warstar; H: Thanos: Thanos Wins; L: Iceman: X-Men Blue; M: Wenwu: Marvel Studios' What If...?,,universal,universal,3,"https://res.cloudinary.com/mff-master-guides/image/upload/c_scale,w_100/v1/mff/sentry_uni1.png",,,,,,,,
SHADOWSH,,Shadow Shell,Moon Temple Defenders,T4 (Awakened),SLS,Physical,"defensive, shield","Poison, Proc",3c4c(6c)5,,6 / 5,JUDGEMENT,DESTRUCTION ,JUDGEMENT,ENERGY,DESTRUCTION+,-,N,"human, female, super hero, , , warriors of the sky, agility, poison",,,13,-,A: Gamora: Requiem; R: The Thing: Classic; H: Ms. Marvel (Kamala Khan): Marvel Studios' Ms. Marvel; L: Valkyrie: Marvel Studios' Thor: Love and Thunder; M: Jean Grey: Marvel Girl,,speed,universal,3,"https://res.cloudinary.com/mff-master-guides/image/upload/c_scale,w_100/v1/mff/shadowshell_uni1.png",,,,,,,,
SILVERSU,,Silver Surfer,Void Knight,T4 (T3),Giant Boss Raid,Energy,shield,Proc,,,4,AUTHORITY+,DESTRUCTION ,ENERGY,DESTRUCTION+,CONQUEST+,AUTHORITY+,-,"alien, male, super villain, , , power cosmic, symbiote, annihilators",High Meta,👑🔨,10,-,A: Thor: Marvel Studios' Thor: Love and Thunder; R: Captain America: Back to Basics; H: Electro: Spider-Man: No Way Home; L: Riri Williams: Black Panther: Wakanda Forever; M: Adam Warlock: Marvel Studios' Guardians of the Galaxy 3,,universal,universal,3,"https://res.cloudinary.com/mff-master-guides/image/upload/c_scale,w_100/v1/mff/silversurfer_uni2.png",,,,,,,,
SHALLABAL,,Silver Surfer (Shalla-Bal),Marvel Studios' The Fantastic Four: First Steps,T4 (T3),,,,,,,,,,,,,,,"alien, female, super villain, , , power cosmic",,,,,,,universal,universal,3,,,,,,,,,
SINGULAR,,Singularity,Secret Wars: A-Force,FALSE,SS,Energy,dont waste gold,Invincible,3dc5,,-,-,-,-,-,-,-,-,"alien, female, super hero, , , fast movement, energy projection",Out of the Meta ,,0,-,,,universal,universal,3,"https://res.cloudinary.com/mff-master-guides/image/upload/c_scale,w_100/v1/mff/singularity01.png",,,,,,,,
SLAPSTICK,,Slapstick,Modern,Awakened,Bio Sub,Physical,dont waste gold,Proc,5dc4,,4,RAGE,AUTHORITY,-,-,-,-,-,"human, male, super hero, , , agility",Out of the Meta ,,0,-,,,universal,universal,3,"https://res.cloudinary.com/mff-master-guides/image/upload/c_scale,w_100/v1/mff/slapstick01.png",,,,,,,,
SUPERGIA,,Supergiant,Dark Obsidian Armor,Awakened,World Boss,Energy,offensive,"Mind, Invincible",(6dc)4c5qc2c3; 4c5qc(6c)2c3,,3,JUDGEMENT,RAGE,-,JUDGEMENT,-,-,-,"alien, female, super villain, , , mind, mind resist, black order",,,11,-,A: Loki: Agent of Asgard; R: Black Bolt: Marvels X; H: Thanos: Marvel Studios' Avengers: Infinity War; L: Moon Knight: Mr. Knight; M: Iceman: X-Men Blue,could go either way with CTPs (J=>WBL; R=>ABX),universal,universal,3,"https://res.cloudinary.com/mff-master-guides/image/upload/c_scale,w_100/v1/mff/supergiant_uni1.png",,,,,,,,
SYLVIE,,Sylvie,Marvel Studios' Loki,T3,Bio Sub,Energy,offensive,-,(6c)3c5c4,,-,JUDGEMENT,RAGE,ENERGY,RAGE,AUTHORITY+,-,-,"alien, female, super hero, , , mind, chill",-,,0,-,,could go either way with CTPs (J=>WBL; R=>ABX),universal,universal,3,"https://res.cloudinary.com/mff-master-guides/image/upload/c_scale,w_100/v3/mff/sylvie01.png",,,,,,,,
THANE,,Thane,Phoenix Force,T3,Bio Sub,Physical,dont waste gold,Proc,5qc3c4(c6),,4,AUTHORITY,RAGE,-,-,-,-,-,"inhuman, male, super villain, , , phoenix force, durability, pure evil",Out of the Meta ,👑,0,-,A: Moon Knight: Marvel Studios' Moon Knight; R: Captain Marvel: Marvel Studios' The Marvels; H: Captain Britain: Hellfire Gala; L: Ms. Marvel (Kamala Khan): Marvel Studios' Ms. Marvel; M: Cable: X-Force,,universal,universal,3,"https://res.cloudinary.com/mff-master-guides/image/upload/c_scale,w_100/v1/mff/thane01.png",,,,,,,,
THANOS,,Thanos,Annihilation,T4 (T3),World Boss,Physical,"defensive, shield",Proc,,,4,AUTHORITY+,REGENERATION,ENERGY,RAGE,CONQUEST+,REFINEMENT+,Optional,"alien, male, super villain, , , power cosmic, durability, pure evil",Useful,👑🔨📆,11,-,A: Moon Knight: Blood Moon Knight; R: Loki: Marvel Studios' Loki; H: Ironheart: Marvel Television's Ironheart; L: Cyclops: Marvel Animation's X-Men '97; M: Gladiator: Thanos: The Infinity Revelation,() indicate if you're fast enough and if your 6 is ready,universal,universal,3,"https://res.cloudinary.com/mff-master-guides/image/upload/c_scale,w_100/v1/mff/thanos_uni6.png",,,,,,,,
THENA,,Thena,Marvel Studios' Eternals,T3,EQ,Physical,offensive,Proc,,2c4qc5dc3 2c1 2c4qc5dc3dc6,5,RAGE,ENERGY,-,RAGE,-,INSIGHT,N,"alien, female, super hero, , , leadership, eternals",Out of the Meta ,👑,12,-,A: Black Widow: Marvel Studios' Black Widow; R: Bullseye: Dark Avengers; H: Carnage: Absolute Carnage; L: Captain Marvel: The Last Avenger; M: Wolverine: House of X,wait until you see her skill start before canceling,universal,universal,3,"https://res.cloudinary.com/mff-master-guides/image/upload/c_scale,w_100/v1/mff/thena_uni1.png",,,,,,,,
THOR,,Thor,All-Father Reborn,T4 (T3),SS,Energy,offensive,"Lightning, Proc",,5dc4qc3,4 / 6,RAGE,JUDGEMENT+,RAGE,JUDGEMENT,-,-,Y,"alien, male, super hero, , , shock, leadership",Low Meta,,22,-,A: Super Nova Nebula: Marvel Studios' What If...?; R: Sabretooth: Ultimate; H: Black Panther: Marvel Studios' Black Panther: Wakanda Forever; L: Ikaris: Marvel Studios' Eternals; M: Cable: Heart of Darkness,,universal,universal,3,"https://res.cloudinary.com/mff-master-guides/image/upload/c_scale,w_100/v1/mff/thor_uni9.png",,,,,,,,
JANEFOST,,Thor (Jane Foster),Marvel Studios' Thor: Love and Thunder,T3,SLS,Energy,offensive,"Proc, Lightning",2c3dc5c4 3dc4c5c6,,4,ENERGY,JUDGEMENT,JUDGEMENT,ENERGY,,-,Optional,"human, female, super hero, , , shock, fast movement",Out of the Meta ,🤝,12,-,A: Hyperion: Enter the Phoenix; R: Star-Lord: Grounded; H: Bullseye: Dark Avengers; L: Loki: Marvel Studios' Loki (President Loki); M: Cable: Cable & Deadpool,Needs attack speed,universal,universal,3,"https://res.cloudinary.com/mff-master-guides/image/upload/c_scale,w_100/v1/mff/janefoster_uni1.png",,,,,,,,
ULTRON,,Ultron,All-Father Ultron,T4 (T3),-,-,-,-,3dc2c4c5 3c5c2c4c6,(6dc)3dc2c4c5,-,-,-,-,-,-,-,-,"other, male, super villain, , , machine, pure evil",-,-,-,-,A: Professor X: Quiet Council; R: Ronan: Annihilators; H: Captain America: What If... Zombies?!; L: Thane: Phoenix Force; M: Mephisto: Master of Hell,-,universal,universal,3,"https://res.cloudinary.com/mff-master-guides/image/upload/c_scale,w_100/v1/mff/ultron_uni4.png",,,,,,,,
VENUS,,Venus (Aphrodite),Incredible Hercules,Awakened,,,,,(6c)3c4c5,,,,,,,,,,"alien, female, super hero, , , mind, mind resist, olympus",,,,,,,universal,universal,3,,,,,,,,,
VICTORIO,,Victorious,Emperor Guarder,T3,"EQ, Bio Sub",HP,dont waste gold,"HP, Proc",2c4c 3dc5 3dc6,2c3dc4dc5 2c3dc4dc5c6,2,-,-,-,INSIGHT,-,-,-,"human, female, super villain, , , fast movement, energy projection",Lead/Support Gods,🤝👑🔨,0,-,A: Punisher: Fist of the Beast; R: Jean Grey: Dark Phoenix; H: Electro: Spider-Man: No Way Home; L: Absorbing Man: Fear Itself; M: Spider-Man: Back to Basics,,universal,universal,3,"https://res.cloudinary.com/mff-master-guides/image/upload/c_scale,w_100/v1/mff/victorious_uni1.png",,,,,,,,
ZEUS,,Zeus,Modern,T4 (T3),,,,,,(6c)5c1c2c3c4,,,,,,,,,"alien, male, super hero, , , shock, energy projection, olympus",,,,,,,universal,universal,3,,,,,,,,,
,,,,,,,,,,,,,,,,,,,,,,,,,,,,,,,,,,,,,
,,,,,,,,,,,,,,,,,,,,,,,,,,,,,,,,,,,,,
,,,,,,,,,,,,,,,,,,,,,,,,,,,,,,,,,,,,,
,,,,,,,,,,,,,,,,,,,,,,,,,,,,,,,,,,,,,
,,,,,,,,,,,,,,,,,,,,,,,,,,,,,,,,,,,,,
,,,,,,,,,,,,,,,,,,,,,,,,,,,,,,,,,,,,,
,,,,,count t3 or t3/t4,129,,,,,,,,,,,,,,,,,,,,,,,,,,,,,,,
,,,,,count awakened,156,,,,,,,,,,,,,,,,,,,,,,,,,,,,,,,
,,,,,count lvl 70,0,,,,,,,,,,,,,,,,,,,,,,,,,,,,,,,
,,,,,,285,,,,,,,,,,,,,,,,,,,,,,,,,,,,,,,